INSERT INTO type (id, name) VALUES
(1, 'Normal'),
(2, 'Feu'),
(3, 'Eau'),
(4, 'Plante'),
(5, 'Électrik'),
(6, 'Glace'),
(7, 'Combat'),
(8, 'Poison'),
(9, 'Sol'),
(10, 'Vol'),
(11, 'Psy'),
(12, 'Insecte'),
(13, 'Roche'),
(14, 'Spectre'),
(15, 'Ténèbres'),
(16, 'Dragon'),
(17, 'Acier'),
(18, 'Fée');


INSERT INTO generation (id, region_name) VALUES
(1, 'Kanto'),
(2, 'Johto'),
(3, 'Hoenn'),
(4, 'Sinnoh'),
(5, 'Unova'),
(6, 'Kalos'),
(7, 'Alola'),
(8, 'Galar');


INSERT INTO pokemon (id, pokedex_number, name_english, name_german, FK_type1_id, FK_type2_id, FK_generation_id, rarity, species, height, weight, hp, attack, defense, sp_attack, sp_defense, speed, catch_rate, base_friendship, base_experience, growth_rate, percentage_male) VALUES
(0,1,'Bulbasaur','Bisasam',4,8,1,'NORMAL','Seed',0.7,6.9,45,49,49,65,65,45,45,70,64,'Medium Slow',87.5),
(1,2,'Ivysaur','Bisaknosp',4,8,1,'NORMAL','Seed',1,13,60,62,63,80,80,60,45,70,142,'Medium Slow',87.5),
(2,3,'Venusaur','Bisaflor',4,8,1,'NORMAL','Seed',2,100,80,82,83,100,100,80,45,70,236,'Medium Slow',87.5),
(3,3,'Mega Venusaur','Bisaflor',4,8,1,'NORMAL','Seed',2.4,155.5,80,100,123,122,120,80,45,70,281,'Medium Slow',87.5),
(4,4,'Charmander','Glumanda',2,NULL,1,'NORMAL','Lizard',0.6,8.5,39,52,43,60,50,65,45,70,62,'Medium Slow',87.5),
(5,5,'Charmeleon','Glutexo',2,NULL,1,'NORMAL','Flame',1.1,19,58,64,58,80,65,80,45,70,142,'Medium Slow',87.5),
(6,6,'Charizard','Glurak',2,10,1,'NORMAL','Flame',1.7,90.5,78,84,78,109,85,100,45,70,240,'Medium Slow',87.5),
(7,6,'Mega Charizard X','Glurak',2,16,1,'NORMAL','Flame',1.7,110.5,78,130,111,130,85,100,45,70,285,'Medium Slow',87.5),
(8,6,'Mega Charizard Y','Glurak',2,10,1,'NORMAL','Flame',1.7,100.5,78,104,78,159,115,100,45,70,285,'Medium Slow',87.5),
(9,7,'Squirtle','Schiggy',3,NULL,1,'NORMAL','Tiny Turtle',0.5,9,44,48,65,50,64,43,45,70,63,'Medium Slow',87.5),
(10,8,'Wartortle','Schillok',3,NULL,1,'NORMAL','Turtle',1,22.5,59,63,80,65,80,58,45,70,142,'Medium Slow',87.5),
(11,9,'Blastoise','Turtok',3,NULL,1,'NORMAL','Shellfish',1.6,85.5,79,83,100,85,105,78,45,70,239,'Medium Slow',87.5),
(12,9,'Mega Blastoise','Turtok',3,NULL,1,'NORMAL','Shellfish',1.6,101.1,79,103,120,135,115,78,45,70,284,'Medium Slow',87.5),
(13,10,'Caterpie','Raupy',12,NULL,1,'NORMAL','Worm',0.3,2.9,45,30,35,20,20,45,255,70,39,'Medium Fast',50),
(14,11,'Metapod','Safcon',12,NULL,1,'NORMAL','Cocoon',0.7,9.9,50,20,55,25,25,30,120,70,72,'Medium Fast',50),
(15,12,'Butterfree','Smettbo',12,10,1,'NORMAL','Butterfly',1.1,32,60,45,50,90,80,70,45,70,178,'Medium Fast',50),
(16,13,'Weedle','Hornliu',12,8,1,'NORMAL','Hairy Bug',0.3,3.2,40,35,30,20,20,50,255,70,39,'Medium Fast',50),
(17,14,'Kakuna','Kokuna',12,8,1,'NORMAL','Cocoon',0.6,10,45,25,50,25,25,35,120,70,72,'Medium Fast',50),
(18,15,'Beedrill','Bibor',12,8,1,'NORMAL','Poison Bee',1,29.5,65,90,40,45,80,75,45,70,178,'Medium Fast',50),
(19,15,'Mega Beedrill','Bibor',12,8,1,'NORMAL','Poison Bee',1.4,40.5,65,150,40,15,80,145,45,70,223,'Medium Fast',50),
(20,16,'Pidgey','Taubsi',1,10,1,'NORMAL','Tiny Bird',0.3,1.8,40,45,40,35,35,56,255,70,50,'Medium Slow',50),
(21,17,'Pidgeotto','Tauboga',1,10,1,'NORMAL','Bird',1.1,30,63,60,55,50,50,71,120,70,122,'Medium Slow',50),
(22,18,'Pidgeot','Tauboss',1,10,1,'NORMAL','Bird',1.5,39.5,83,80,75,70,70,101,45,70,216,'Medium Slow',50),
(23,18,'Mega Pidgeot','Tauboss',1,10,1,'NORMAL','Bird',2.2,50.5,83,80,80,135,80,121,45,70,261,'Medium Slow',50),
(24,19,'Rattata','Rattfratz',1,NULL,1,'NORMAL','Mouse',0.3,3.5,30,56,35,25,35,72,255,70,51,'Medium Fast',50),
(25,19,'Alolan Rattata','Rattfratz',15,1,1,'NORMAL','Mouse',0.3,3.8,30,56,35,25,35,72,255,70,51,'Medium Fast',50),
(26,20,'Raticate','Rattikarl',1,NULL,1,'NORMAL','Mouse',0.7,18.5,55,81,60,50,70,97,127,70,145,'Medium Fast',50),
(27,20,'Alolan Raticate','Rattikarl',15,1,1,'NORMAL','Mouse',0.7,25.5,75,71,70,40,80,77,127,70,145,'Medium Fast',50),
(28,21,'Spearow','Habitak',1,10,1,'NORMAL','Tiny Bird',0.3,2,40,60,30,31,31,70,255,70,52,'Medium Fast',50),
(29,22,'Fearow','Ibitak',1,10,1,'NORMAL','Beak',1.2,38,65,90,65,61,61,100,90,70,155,'Medium Fast',50),
(30,23,'Ekans','Rettan',8,NULL,1,'NORMAL','Snake',2,6.9,35,60,44,40,54,55,255,70,58,'Medium Fast',50),
(31,24,'Arbok','Arbok',8,NULL,1,'NORMAL','Cobra',3.5,65,60,95,69,65,79,80,90,70,157,'Medium Fast',50),
(32,25,'Pikachu','Pikachu',5,NULL,1,'NORMAL','Mouse',0.4,6,35,55,40,50,50,90,190,70,112,'Medium Fast',50),
(33,25,'Partner Pikachu','Pikachu',5,NULL,1,'NORMAL','Mouse',0.4,6,45,80,50,75,60,120,190,70,112,'Medium Fast',50),
(34,26,'Raichu','Raichu',5,NULL,1,'NORMAL','Mouse',0.8,30,60,90,55,90,80,110,75,70,218,'Medium Fast',50),
(35,26,'Alolan Raichu','Raichu',5,11,1,'NORMAL','Mouse',0.7,21,60,85,50,95,85,110,75,70,218,'Medium Fast',50),
(36,27,'Sandshrew','Sandan',9,NULL,1,'NORMAL','Mouse',0.6,12,50,75,85,20,30,40,255,70,60,'Medium Fast',50),
(37,27,'Alolan Sandshrew','Sandan',6,17,1,'NORMAL','Mouse',0.7,40,50,75,90,10,35,40,255,70,60,'Medium Fast',50),
(38,28,'Sandslash','Sandamer',9,NULL,1,'NORMAL','Mouse',1,29.5,75,100,110,45,55,65,90,70,158,'Medium Fast',50),
(39,28,'Alolan Sandslash','Sandamer',6,17,1,'NORMAL','Mouse',1.2,55,75,100,120,25,65,65,90,70,158,'Medium Fast',50),
(40,29,'Nidoran♀','Nidoran♀',8,NULL,1,'NORMAL','Poison Pin',0.4,7,55,47,52,40,40,41,235,70,55,'Medium Slow',0),
(41,30,'Nidorina','Nidorina',8,NULL,1,'NORMAL','Poison Pin',0.8,20,70,62,67,55,55,56,120,70,128,'Medium Slow',0),
(42,31,'Nidoqueen','Nidoqueen',8,9,1,'NORMAL','Drill',1.3,60,90,92,87,75,85,76,45,70,227,'Medium Slow',0),
(43,32,'Nidoran♂','Nidoran♂',8,NULL,1,'NORMAL','Poison Pin',0.5,9,46,57,40,40,40,50,235,70,55,'Medium Slow',100),
(44,33,'Nidorino','Nidorino',8,NULL,1,'NORMAL','Poison Pin',0.9,19.5,61,72,57,55,55,65,120,70,128,'Medium Slow',100),
(45,34,'Nidoking','Nidoking',8,9,1,'NORMAL','Drill',1.4,62,81,102,77,85,75,85,45,70,227,'Medium Slow',100),
(46,35,'Clefairy','Piepi',18,NULL,1,'NORMAL','Fairy',0.6,7.5,70,45,48,60,65,35,150,140,113,'Fast',25),
(47,36,'Clefable','Pixi',18,NULL,1,'NORMAL','Fairy',1.3,40,95,70,73,95,90,60,25,140,217,'Fast',25),
(48,37,'Vulpix','Vulpix',2,NULL,1,'NORMAL','Fox',0.6,9.9,38,41,40,50,65,65,190,70,60,'Medium Fast',25),
(49,37,'Alolan Vulpix','Vulpix',6,NULL,1,'NORMAL','Fox',0.6,9.9,38,41,40,50,65,65,190,70,60,'Medium Fast',25),
(50,38,'Ninetales','Vulnona',2,NULL,1,'NORMAL','Fox',1.1,19.9,73,76,75,81,100,100,75,70,177,'Medium Fast',25),
(51,38,'Alolan Ninetales','Vulnona',6,18,1,'NORMAL','Fox',1.1,19.9,73,67,75,81,100,109,75,70,177,'Medium Fast',25),
(52,39,'Jigglypuff','Pummeluff',1,18,1,'NORMAL','Balloon',0.5,5.5,115,45,20,45,25,20,170,70,95,'Fast',25),
(53,40,'Wigglytuff','Knuddeluff',1,18,1,'NORMAL','Balloon',1,12,140,70,45,85,50,45,50,70,196,'Fast',25),
(54,41,'Zubat','Zubat',8,10,1,'NORMAL','Bat',0.8,7.5,40,45,35,30,40,55,255,70,49,'Medium Fast',50),
(55,42,'Golbat','Golbat',8,10,1,'NORMAL','Bat',1.6,55,75,80,70,65,75,90,90,70,159,'Medium Fast',50),
(56,43,'Oddish','Myrapla',4,8,1,'NORMAL','Weed',0.5,5.4,45,50,55,75,65,30,255,70,64,'Medium Slow',50),
(57,44,'Gloom','Duflor',4,8,1,'NORMAL','Weed',0.8,8.6,60,65,70,85,75,40,120,70,138,'Medium Slow',50),
(58,45,'Vileplume','Giflor',4,8,1,'NORMAL','Flower',1.2,18.6,75,80,85,110,90,50,45,70,221,'Medium Slow',50),
(59,46,'Paras','Paras',12,4,1,'NORMAL','Mushroom',0.3,5.4,35,70,55,45,55,25,190,70,57,'Medium Fast',50),
(60,47,'Parasect','Parasek',12,4,1,'NORMAL','Mushroom',1,29.5,60,95,80,60,80,30,75,70,142,'Medium Fast',50),
(61,48,'Venonat','Bluzuk',12,8,1,'NORMAL','Insect',1,30,60,55,50,40,55,45,190,70,61,'Medium Fast',50),
(62,49,'Venomoth','Omot',12,8,1,'NORMAL','Poison Moth',1.5,12.5,70,65,60,90,75,90,75,70,158,'Medium Fast',50),
(63,50,'Diglett','Digda',9,NULL,1,'NORMAL','Mole',0.2,0.8,10,55,25,35,45,95,255,70,53,'Medium Fast',50),
(64,50,'Alolan Diglett','Digda',9,17,1,'NORMAL','Mole',0.2,1,10,55,30,35,45,90,255,70,53,'Medium Fast',50),
(65,51,'Dugtrio','Digdri',9,NULL,1,'NORMAL','Mole',0.7,33.3,35,100,50,50,70,120,50,70,149,'Medium Fast',50),
(66,51,'Alolan Dugtrio','Digdri',9,17,1,'NORMAL','Mole',0.7,66.6,35,100,60,50,70,110,50,70,149,'Medium Fast',50),
(67,52,'Meowth','Mauzi',1,NULL,1,'NORMAL','Scratch Cat',0.4,4.2,40,45,35,40,40,90,255,70,58,'Medium Fast',50),
(68,52,'Alolan Meowth','Mauzi',15,NULL,1,'NORMAL','Scratch Cat',0.4,4.2,40,35,35,50,40,90,255,70,58,'Medium Fast',50),
(69,52,'Galarian Meowth','Mauzi',17,NULL,1,'NORMAL','Scratch Cat',0.4,7.5,50,65,55,40,40,40,0,0,0,'Medium Fast',0),
(70,53,'Persian','Snobilikat',1,NULL,1,'NORMAL','Classy Cat',1,32,65,70,60,65,65,115,90,70,154,'Medium Fast',50),
(71,53,'Alolan Persian','Snobilikat',15,NULL,1,'NORMAL','Classy Cat',1.1,33,65,60,60,75,65,115,90,70,154,'Medium Fast',50),
(72,54,'Psyduck','Enton',3,NULL,1,'NORMAL','Duck',0.8,19.6,50,52,48,65,50,55,190,70,64,'Medium Fast',50),
(73,55,'Golduck','Entoron',3,NULL,1,'NORMAL','Duck',1.7,76.6,80,82,78,95,80,85,75,70,175,'Medium Fast',50),
(74,56,'Mankey','Menki',7,NULL,1,'NORMAL','Pig Monkey',0.5,28,40,80,35,35,45,70,190,70,61,'Medium Fast',50),
(75,57,'Primeape','Rasaff',7,NULL,1,'NORMAL','Pig Monkey',1,32,65,105,60,60,70,95,75,70,159,'Medium Fast',50),
(76,58,'Growlithe','Fukano',2,NULL,1,'NORMAL','Puppy',0.7,19,55,70,45,70,50,60,190,70,70,'Slow',75),
(77,59,'Arcanine','Arkani',2,NULL,1,'NORMAL','LEGENDARY',1.9,155,90,110,80,100,80,95,75,70,194,'Slow',75),
(78,60,'Poliwag','Quapsel',3,NULL,1,'NORMAL','Tadpole',0.6,12.4,40,50,40,40,40,90,255,70,60,'Medium Slow',50),
(79,61,'Poliwhirl','Quaputzi',3,NULL,1,'NORMAL','Tadpole',1,20,65,65,65,50,50,90,120,70,135,'Medium Slow',50),
(80,62,'Poliwrath','Quappo',3,7,1,'NORMAL','Tadpole',1.3,54,90,95,95,70,90,70,45,70,230,'Medium Slow',50),
(81,63,'Abra','Abra',11,NULL,1,'NORMAL','Psi',0.9,19.5,25,20,15,105,55,90,200,70,62,'Medium Slow',75),
(82,64,'Kadabra','Kadabra',11,NULL,1,'NORMAL','Psi',1.3,56.5,40,35,30,120,70,105,100,70,140,'Medium Slow',75),
(83,65,'Alakazam','Simsala',11,NULL,1,'NORMAL','Psi',1.5,48,55,50,45,135,95,120,50,70,225,'Medium Slow',75),
(84,65,'Mega Alakazam','Simsala',11,NULL,1,'NORMAL','Psi',1.2,48,55,50,65,175,105,150,50,70,270,'Medium Slow',75),
(85,66,'Machop','Machollo',7,NULL,1,'NORMAL','Superpower',0.8,19.5,70,80,50,35,35,35,180,70,61,'Medium Slow',75),
(86,67,'Machoke','Maschock',7,NULL,1,'NORMAL','Superpower',1.5,70.5,80,100,70,50,60,45,90,70,142,'Medium Slow',75),
(87,68,'Machamp','Machomei',7,NULL,1,'NORMAL','Superpower',1.6,130,90,130,80,65,85,55,45,70,227,'Medium Slow',75),
(88,69,'Bellsprout','Knofensa',4,8,1,'NORMAL','Flower',0.7,4,50,75,35,70,30,40,255,70,60,'Medium Slow',50),
(89,70,'Weepinbell','Ultrigaria',4,8,1,'NORMAL','Flycatcher',1,6.4,65,90,50,85,45,55,120,70,137,'Medium Slow',50),
(90,71,'Victreebel','Sarzenia',4,8,1,'NORMAL','Flycatcher',1.7,15.5,80,105,65,100,70,70,45,70,221,'Medium Slow',50),
(91,72,'Tentacool','Tentacha',3,8,1,'NORMAL','Jellyfish',0.9,45.5,40,40,35,50,100,70,190,70,67,'Slow',50),
(92,73,'Tentacruel','Tentoxa',3,8,1,'NORMAL','Jellyfish',1.6,55,80,70,65,80,120,100,60,70,180,'Slow',50),
(93,74,'Geodude','Kleinstein',13,9,1,'NORMAL','Rock',0.4,20,40,80,100,30,30,20,255,70,60,'Medium Slow',50),
(94,74,'Alolan Geodude','Kleinstein',13,5,1,'NORMAL','Rock',0.4,20.3,40,80,100,30,30,20,255,70,60,'Medium Slow',50),
(95,75,'Graveler','Georok',13,9,1,'NORMAL','Rock',1,105,55,95,115,45,45,35,120,70,137,'Medium Slow',50),
(96,75,'Alolan Graveler','Georok',13,5,1,'NORMAL','Rock',1,110,55,95,115,45,45,35,120,70,137,'Medium Slow',50),
(97,76,'Golem','Geowaz',13,9,1,'NORMAL','Megaton',1.4,300,80,120,130,55,65,45,45,70,223,'Medium Slow',50),
(98,76,'Alolan Golem','Geowaz',13,5,1,'NORMAL','Megaton',1.7,316,80,120,130,55,65,45,45,70,223,'Medium Slow',50),
(99,77,'Ponyta','Ponita',2,NULL,1,'NORMAL','Fire Horse',1,30,50,85,55,65,65,90,190,70,82,'Medium Fast',50),
(100,77,'Galarian Ponyta','Ponita',11,NULL,1,'NORMAL','Unique Horn',0.8,24,50,85,55,65,65,90,0,0,0,'Medium Fast',0),
(101,78,'Rapidash','Gallopa',2,NULL,1,'NORMAL','Fire Horse',1.7,95,65,100,70,80,80,105,60,70,175,'Medium Fast',50),
(102,78,'Galarian Rapidash','Gallopa',11,18,1,'NORMAL','Unique Horn',1.7,80,65,100,70,80,80,105,0,0,0,'Medium Fast',0),
(103,79,'Slowpoke','Flegmon',3,11,1,'NORMAL','Dopey',1.2,36,90,65,65,40,40,15,190,70,63,'Medium Fast',50),
(104,80,'Slowbro','Lahmus',3,11,1,'NORMAL','Hermit Crab',1.6,78.5,95,75,110,100,80,30,75,70,172,'Medium Fast',50),
(105,80,'Mega Slowbro','Lahmus',3,11,1,'NORMAL','Hermit Crab',2,120,95,75,180,130,80,30,75,70,207,'Medium Fast',50),
(106,81,'Magnemite','Magnetilo',5,17,1,'NORMAL','Magnet',0.3,6,25,35,70,95,55,45,190,70,65,'Medium Fast',0),
(107,82,'Magneton','Magneton',5,17,1,'NORMAL','Magnet',1,60,50,60,95,120,70,70,60,70,163,'Medium Fast',0),
(108,83,'Farfetch''d','Porenta',1,10,1,'NORMAL','Wild Duck',0.8,15,52,90,55,58,62,60,45,70,132,'Medium Fast',50),
(109,83,'Galarian Farfetch''d','Porenta',7,NULL,1,'NORMAL','Wild Duck',0.8,42,52,95,55,58,62,55,0,0,0,'Medium Fast',0),
(110,84,'Doduo','Dodu',1,10,1,'NORMAL','Twin Bird',1.4,39.2,35,85,45,35,35,75,190,70,62,'Medium Fast',50),
(111,85,'Dodrio','Dodri',1,10,1,'NORMAL','Triple Bird',1.8,85.2,60,110,70,60,60,110,45,70,165,'Medium Fast',50),
(112,86,'Seel','Jurob',3,NULL,1,'NORMAL','Sea Lion',1.1,90,65,45,55,45,70,45,190,70,65,'Medium Fast',50),
(113,87,'Dewgong','Jugong',3,6,1,'NORMAL','Sea Lion',1.7,120,90,70,80,70,95,70,75,70,166,'Medium Fast',50),
(114,88,'Grimer','Sleima',8,NULL,1,'NORMAL','Sludge',0.9,30,80,80,50,40,50,25,190,70,65,'Medium Fast',50),
(115,88,'Alolan Grimer','Sleima',8,15,1,'NORMAL','Sludge',0.7,42,80,80,50,40,50,25,190,70,65,'Medium Fast',50),
(116,89,'Muk','Sleimok',8,NULL,1,'NORMAL','Sludge',1.2,30,105,105,75,65,100,50,75,70,175,'Medium Fast',50),
(117,89,'Alolan Muk','Sleimok',8,15,1,'NORMAL','Sludge',1,52,105,105,75,65,100,50,75,70,175,'Medium Fast',50),
(118,90,'Shellder','Muschas',3,NULL,1,'NORMAL','Bivalve',0.3,4,30,65,100,45,25,40,190,70,61,'Slow',50),
(119,91,'Cloyster','Austos',3,6,1,'NORMAL','Bivalve',1.5,132.5,50,95,180,85,45,70,60,70,184,'Slow',50),
(120,92,'Gastly','Nebulak',14,8,1,'NORMAL','Gas',1.3,0.1,30,35,30,100,35,80,190,70,62,'Medium Slow',50),
(121,93,'Haunter','Alpollo',14,8,1,'NORMAL','Gas',1.6,0.1,45,50,45,115,55,95,90,70,142,'Medium Slow',50),
(122,94,'Gengar','Gengar',14,8,1,'NORMAL','Shadow',1.5,40.5,60,65,60,130,75,110,45,70,225,'Medium Slow',50),
(123,94,'Mega Gengar','Gengar',14,8,1,'NORMAL','Shadow',1.4,40.5,60,65,80,170,95,130,45,70,270,'Medium Slow',50),
(124,95,'Onix','Onix',13,9,1,'NORMAL','Rock Snake',8.8,210,35,45,160,30,45,70,45,70,77,'Medium Fast',50),
(125,96,'Drowzee','Traumato',11,NULL,1,'NORMAL','Hypnosis',1,32.4,60,48,45,43,90,42,190,70,66,'Medium Fast',50),
(126,97,'Hypno','Hypno',11,NULL,1,'NORMAL','Hypnosis',1.6,75.6,85,73,70,73,115,67,75,70,169,'Medium Fast',50),
(127,98,'Krabby','Krabby',3,NULL,1,'NORMAL','River Crab',0.4,6.5,30,105,90,25,25,50,225,70,65,'Medium Fast',50),
(128,99,'Kingler','Kingler',3,NULL,1,'NORMAL','Pincer',1.3,60,55,130,115,50,50,75,60,70,166,'Medium Fast',50),
(129,100,'Voltorb','Voltobal',5,NULL,1,'NORMAL','Ball',0.5,10.4,40,30,50,55,55,100,190,70,66,'Medium Fast',0),
(130,101,'Electrode','Lektrobal',5,NULL,1,'NORMAL','Ball',1.2,66.6,60,50,70,80,80,150,60,70,172,'Medium Fast',0),
(131,102,'Exeggcute','Owei',4,11,1,'NORMAL','Egg',0.4,2.5,60,40,80,60,45,40,90,70,65,'Slow',50),
(132,103,'Exeggutor','Kokowei',4,11,1,'NORMAL','Coconut',2,120,95,95,85,125,75,55,45,70,186,'Slow',50),
(133,103,'Alolan Exeggutor','Kokowei',4,16,1,'NORMAL','Coconut',10.9,415.6,95,105,85,125,75,45,45,70,186,'Slow',50),
(134,104,'Cubone','Tragosso',9,NULL,1,'NORMAL','Lonely',0.4,6.5,50,50,95,40,50,35,190,70,64,'Medium Fast',50),
(135,105,'Marowak','Knogga',9,NULL,1,'NORMAL','Bone Keeper',1,45,60,80,110,50,80,45,75,70,149,'Medium Fast',50),
(136,105,'Alolan Marowak','Knogga',2,14,1,'NORMAL','Bone Keeper',1,34,60,80,110,50,80,45,75,70,149,'Medium Fast',50),
(137,106,'Hitmonlee','Kicklee',7,NULL,1,'NORMAL','Kicking',1.5,49.8,50,120,53,35,110,87,45,70,159,'Medium Fast',100),
(138,107,'Hitmonchan','Nockchan',7,NULL,1,'NORMAL','Punching',1.4,50.2,50,105,79,35,110,76,45,70,159,'Medium Fast',100),
(139,108,'Lickitung','Schlurp',1,NULL,1,'NORMAL','Licking',1.2,65.5,90,55,75,60,75,30,45,70,77,'Medium Fast',50),
(140,109,'Koffing','Smogon',8,NULL,1,'NORMAL','Poison Gas',0.6,1,40,65,95,60,45,35,190,70,68,'Medium Fast',50),
(141,110,'Weezing','Smogmog',8,NULL,1,'NORMAL','Poison Gas',1.2,9.5,65,90,120,85,70,60,60,70,172,'Medium Fast',50),
(142,110,'Galarian Weezing','Smogmog',8,18,1,'NORMAL','Poison Gas',3,16,65,90,120,85,70,60,0,0,0,'Medium Fast',0),
(143,111,'Rhyhorn','Rihorn',9,13,1,'NORMAL','Spikes',1,115,80,85,95,30,30,25,120,70,69,'Slow',50),
(144,112,'Rhydon','Rizeros',9,13,1,'NORMAL','Drill',1.9,120,105,130,120,45,45,40,60,70,170,'Slow',50),
(145,113,'Chansey','Chaneira',1,NULL,1,'NORMAL','Egg',1.1,34.6,250,5,5,35,105,50,30,140,395,'Fast',0),
(146,114,'Tangela','Tangela',4,NULL,1,'NORMAL','Vine',1,35,65,55,115,100,40,60,45,70,87,'Medium Fast',50),
(147,115,'Kangaskhan','Kangama',1,NULL,1,'NORMAL','Parent',2.2,80,105,95,80,40,80,90,45,70,172,'Medium Fast',0),
(148,115,'Mega Kangaskhan','Kangama',1,NULL,1,'NORMAL','Parent',2.2,100,105,125,100,60,100,100,45,70,207,'Medium Fast',0),
(149,116,'Horsea','Seeper',3,NULL,1,'NORMAL','Dragon',0.4,8,30,40,70,70,25,60,225,70,59,'Medium Fast',50),
(150,117,'Seadra','Seemon',3,NULL,1,'NORMAL','Dragon',1.2,25,55,65,95,95,45,85,75,70,154,'Medium Fast',50),
(151,118,'Goldeen','Goldini',3,NULL,1,'NORMAL','Goldfish',0.6,15,45,67,60,35,50,63,225,70,64,'Medium Fast',50),
(152,119,'Seaking','Golking',3,NULL,1,'NORMAL','Goldfish',1.3,39,80,92,65,65,80,68,60,70,158,'Medium Fast',50),
(153,120,'Staryu','Sterndu',3,NULL,1,'NORMAL','Star Shape',0.8,34.5,30,45,55,70,55,85,225,70,68,'Slow',0),
(154,121,'Starmie','Starmie',3,11,1,'NORMAL','Mysterious',1.1,80,60,75,85,100,85,115,60,70,182,'Slow',0),
(155,122,'Mr. Mime','Pantimos',11,18,1,'NORMAL','Barrier',1.3,54.5,40,45,65,100,120,90,45,70,161,'Medium Fast',50),
(156,122,'Galarian Mr. Mime','Pantimos',11,6,1,'NORMAL','Dancing',1.4,56.8,50,65,65,90,90,100,0,0,0,'Medium Fast',0),
(157,123,'Scyther','Sichlor',12,10,1,'NORMAL','Mantis',1.5,56,70,110,80,55,80,105,45,70,100,'Medium Fast',50),
(158,124,'Jynx','Rossana',6,11,1,'NORMAL','Human Shape',1.4,40.6,65,50,35,115,95,95,45,70,159,'Medium Fast',0),
(159,125,'Electabuzz','Elektek',5,NULL,1,'NORMAL','Electric',1.1,30,65,83,57,95,85,105,45,70,172,'Medium Fast',75),
(160,126,'Magmar','Magmar',2,NULL,1,'NORMAL','Spitfire',1.3,44.5,65,95,57,100,85,93,45,70,173,'Medium Fast',75),
(161,127,'Pinsir','Pinsir',12,NULL,1,'NORMAL','Stag Beetle',1.5,55,65,125,100,55,70,85,45,70,175,'Slow',50),
(162,127,'Mega Pinsir','Pinsir',12,10,1,'NORMAL','Stag Beetle',1.7,59,65,155,120,65,90,105,45,70,210,'Slow',50),
(163,128,'Tauros','Tauros',1,NULL,1,'NORMAL','Wild Bull',1.4,88.4,75,100,95,40,70,110,45,70,172,'Slow',100),
(164,129,'Magikarp','Karpador',3,NULL,1,'NORMAL','Fish',0.9,10,20,10,55,15,20,80,255,70,40,'Slow',50),
(165,130,'Gyarados','Garados',3,10,1,'NORMAL','Atrocious',6.5,235,95,125,79,60,100,81,45,70,189,'Slow',50),
(166,130,'Mega Gyarados','Garados',3,15,1,'NORMAL','Atrocious',6.5,305,95,155,109,70,130,81,45,70,224,'Slow',50),
(167,131,'Lapras','Lapras',3,6,1,'NORMAL','Transport',2.5,220,130,85,80,85,95,60,45,70,187,'Slow',50),
(168,132,'Ditto','Ditto',1,NULL,1,'NORMAL','Transform',0.3,4,48,48,48,48,48,48,35,70,101,'Medium Fast',0),
(169,133,'Eevee','Evoli',1,NULL,1,'NORMAL','Evolution',0.3,6.5,55,55,50,45,65,55,45,70,65,'Medium Fast',87.5),
(170,133,'Partner Eevee','Evoli',1,NULL,1,'NORMAL','Evolution',0.3,6.5,65,75,70,65,85,75,45,70,65,'Medium Fast',87.5),
(171,134,'Vaporeon','Aquana',3,NULL,1,'NORMAL','Bubble Jet',1,29,130,65,60,110,95,65,45,70,184,'Medium Fast',87.5),
(172,135,'Jolteon','Blitza',5,NULL,1,'NORMAL','Lightning',0.8,24.5,65,65,60,110,95,130,45,70,184,'Medium Fast',87.5),
(173,136,'Flareon','Flamara',2,NULL,1,'NORMAL','Flame',0.9,25,65,130,60,95,110,65,45,70,184,'Medium Fast',87.5),
(174,137,'Porygon','Porygon',1,NULL,1,'NORMAL','Virtual',0.8,36.5,65,60,70,85,75,40,45,70,79,'Medium Fast',0),
(175,138,'Omanyte','Amonitas',13,3,1,'NORMAL','Spiral',0.4,7.5,35,40,100,90,55,35,45,70,71,'Medium Fast',87.5),
(176,139,'Omastar','Amoroso',13,3,1,'NORMAL','Spiral',1,35,70,60,125,115,70,55,45,70,173,'Medium Fast',87.5),
(177,140,'Kabuto','Kabuto',13,3,1,'NORMAL','Shellfish',0.5,11.5,30,80,90,55,45,55,45,70,71,'Medium Fast',87.5),
(178,141,'Kabutops','Kabutops',13,3,1,'NORMAL','Shellfish',1.3,40.5,60,115,105,65,70,80,45,70,173,'Medium Fast',87.5),
(179,142,'Aerodactyl','Aerodactyl',13,10,1,'NORMAL','Fossil',1.8,59,80,105,65,60,75,130,45,70,180,'Slow',87.5),
(180,142,'Mega Aerodactyl','Aerodactyl',13,10,1,'NORMAL','Fossil',2.1,79,80,135,85,70,95,150,45,70,215,'Slow',87.5),
(181,143,'Snorlax','Relaxo',1,NULL,1,'NORMAL','Sleeping',2.1,460,160,110,65,65,110,30,25,70,189,'Slow',87.5),
(182,144,'Articuno','Arktos',6,10,1,'SUB_LEGENDARY','Freeze',1.7,55.4,90,85,100,95,125,85,3,35,261,'Slow',0),
(183,145,'Zapdos','Zapdos',5,10,1,'SUB_LEGENDARY','Electric',1.6,52.6,90,90,85,125,90,100,3,35,261,'Slow',0),
(184,146,'Moltres','Lavados',2,10,1,'SUB_LEGENDARY','Flame',2,60,90,100,90,125,85,90,3,35,261,'Slow',0),
(185,147,'Dratini','Dratini',16,NULL,1,'NORMAL','Dragon',1.8,3.3,41,64,45,50,50,50,45,35,60,'Slow',50),
(186,148,'Dragonair','Dragonir',16,NULL,1,'NORMAL','Dragon',4,16.5,61,84,65,70,70,70,45,35,147,'Slow',50),
(187,149,'Dragonite','Dragoran',16,10,1,'NORMAL','Dragon',2.2,210,91,134,95,100,100,80,45,35,270,'Slow',50),
(188,150,'Mewtwo','Mewtu',11,NULL,1,'LEGENDARY','Genetic',2,122,106,110,90,154,90,130,3,0,306,'Slow',0),
(189,150,'Mega Mewtwo X','Mewtu',11,7,1,'LEGENDARY','Genetic',2.3,127,106,190,100,154,100,130,3,0,351,'Slow',0),
(190,150,'Mega Mewtwo Y','Mewtu',11,NULL,1,'LEGENDARY','Genetic',1.5,33,106,150,70,194,120,140,3,0,351,'Slow',0),
(191,151,'Mew','Mew',11,NULL,1,'MYTHICAL','New Species',0.4,4,100,100,100,100,100,100,45,100,270,'Medium Slow',0),
(192,152,'Chikorita','Endivie',4,NULL,2,'NORMAL','Leaf',0.9,6.4,45,49,65,49,65,45,45,70,64,'Medium Slow',87.5),
(193,153,'Bayleef','Lorblatt',4,NULL,2,'NORMAL','Leaf',1.2,15.8,60,62,80,63,80,60,45,70,142,'Medium Slow',87.5),
(194,154,'Meganium','Meganie',4,NULL,2,'NORMAL','Herb',1.8,100.5,80,82,100,83,100,80,45,70,236,'Medium Slow',87.5),
(195,155,'Cyndaquil','Feurigel',2,NULL,2,'NORMAL','Fire Mouse',0.5,7.9,39,52,43,60,50,65,45,70,62,'Medium Slow',87.5),
(196,156,'Quilava','Igelavar',2,NULL,2,'NORMAL','Volcano',0.9,19,58,64,58,80,65,80,45,70,142,'Medium Slow',87.5),
(197,157,'Typhlosion','Tornupto',2,NULL,2,'NORMAL','Volcano',1.7,79.5,78,84,78,109,85,100,45,70,240,'Medium Slow',87.5),
(198,158,'Totodile','Karnimani',3,NULL,2,'NORMAL','Big Jaw',0.6,9.5,50,65,64,44,48,43,45,70,63,'Medium Slow',87.5),
(199,159,'Croconaw','Tyracroc',3,NULL,2,'NORMAL','Big Jaw',1.1,25,65,80,80,59,63,58,45,70,142,'Medium Slow',87.5),
(200,160,'Feraligatr','Impergator',3,NULL,2,'NORMAL','Big Jaw',2.3,88.8,85,105,100,79,83,78,45,70,239,'Medium Slow',87.5),
(201,161,'Sentret','Wiesor',1,NULL,2,'NORMAL','Scout',0.8,6,35,46,34,35,45,20,255,70,43,'Medium Fast',50),
(202,162,'Furret','Wiesenior',1,NULL,2,'NORMAL','Long Body',1.8,32.5,85,76,64,45,55,90,90,70,145,'Medium Fast',50),
(203,163,'Hoothoot','Hoothoot',1,10,2,'NORMAL','Owl',0.7,21.2,60,30,30,36,56,50,255,70,52,'Medium Fast',50),
(204,164,'Noctowl','Noctuh',1,10,2,'NORMAL','Owl',1.6,40.8,100,50,50,86,96,70,90,70,158,'Medium Fast',50),
(205,165,'Ledyba','Ledyba',12,10,2,'NORMAL','Five Star',1,10.8,40,20,30,40,80,55,255,70,53,'Fast',50),
(206,166,'Ledian','Ledian',12,10,2,'NORMAL','Five Star',1.4,35.6,55,35,50,55,110,85,90,70,137,'Fast',50),
(207,167,'Spinarak','Webarak',12,8,2,'NORMAL','String Spit',0.5,8.5,40,60,40,40,40,30,255,70,50,'Fast',50),
(208,168,'Ariados','Ariados',12,8,2,'NORMAL','Long Leg',1.1,33.5,70,90,70,60,70,40,90,70,140,'Fast',50),
(209,169,'Crobat','Iksbat',8,10,2,'NORMAL','Bat',1.8,75,85,90,80,70,80,130,90,70,241,'Medium Fast',50),
(210,170,'Chinchou','Lampi',3,5,2,'NORMAL','Angler',0.5,12,75,38,38,56,56,67,190,70,66,'Slow',50),
(211,171,'Lanturn','Lanturn',3,5,2,'NORMAL','Light',1.2,22.5,125,58,58,76,76,67,75,70,161,'Slow',50),
(212,172,'Pichu','Pichu',5,NULL,2,'NORMAL','Tiny Mouse',0.3,2,20,40,15,35,35,60,190,70,41,'Medium Fast',50),
(213,173,'Cleffa','Pii',18,NULL,2,'NORMAL','Star Shape',0.3,3,50,25,28,45,55,15,150,140,44,'Fast',25),
(214,174,'Igglybuff','Fluffeluff',1,18,2,'NORMAL','Balloon',0.3,1,90,30,15,40,20,15,170,70,42,'Fast',25),
(215,175,'Togepi','Togepi',18,NULL,2,'NORMAL','Spike Ball',0.3,1.5,35,20,65,40,65,20,190,70,49,'Fast',87.5),
(216,176,'Togetic','Togetic',18,10,2,'NORMAL','Happiness',0.6,3.2,55,40,85,80,105,40,75,70,142,'Fast',87.5),
(217,177,'Natu','Natu',11,10,2,'NORMAL','Tiny Bird',0.2,2,40,50,45,70,45,70,190,70,64,'Medium Fast',50),
(218,178,'Xatu','Xatu',11,10,2,'NORMAL','Mystic',1.5,15,65,75,70,95,70,95,75,70,165,'Medium Fast',50),
(219,179,'Mareep','Voltilamm',5,NULL,2,'NORMAL','Wool',0.6,7.8,55,40,40,65,45,35,235,70,56,'Medium Slow',50),
(220,180,'Flaaffy','Waaty',5,NULL,2,'NORMAL','Wool',0.8,13.3,70,55,55,80,60,45,120,70,128,'Medium Slow',50),
(221,181,'Ampharos','Ampharos',5,NULL,2,'NORMAL','Light',1.4,61.5,90,75,85,115,90,55,45,70,230,'Medium Slow',50),
(222,181,'Mega Ampharos','Ampharos',5,16,2,'NORMAL','Light',1.4,61.5,90,95,105,165,110,45,45,70,275,'Medium Slow',50),
(223,182,'Bellossom','Blubella',4,NULL,2,'NORMAL','Flower',0.4,5.8,75,80,95,90,100,50,45,70,221,'Medium Slow',50),
(224,183,'Marill','Marill',3,18,2,'NORMAL','Aqua Mouse',0.4,8.5,70,20,50,20,50,40,190,70,88,'Fast',50),
(225,184,'Azumarill','Azumarill',3,18,2,'NORMAL','Aqua Rabbit',0.8,28.5,100,50,80,60,80,50,75,70,189,'Fast',50),
(226,185,'Sudowoodo','Mogelbaum',13,NULL,2,'NORMAL','Imitation',1.2,38,70,100,115,30,65,30,65,70,144,'Medium Fast',50),
(227,186,'Politoed','Quaxo',3,NULL,2,'NORMAL','Frog',1.1,33.9,90,75,75,90,100,70,45,70,225,'Medium Slow',50),
(228,187,'Hoppip','Hoppspross',4,10,2,'NORMAL','Cottonweed',0.4,0.5,35,35,40,35,55,50,255,70,50,'Medium Slow',50),
(229,188,'Skiploom','Hubelupf',4,10,2,'NORMAL','Cottonweed',0.6,1,55,45,50,45,65,80,120,70,119,'Medium Slow',50),
(230,189,'Jumpluff','Papungha',4,10,2,'NORMAL','Cottonweed',0.8,3,75,55,70,55,95,110,45,70,207,'Medium Slow',50),
(231,190,'Aipom','Griffel',1,NULL,2,'NORMAL','Long Tail',0.8,11.5,55,70,55,40,55,85,45,70,72,'Fast',50),
(232,191,'Sunkern','Sonnkern',4,NULL,2,'NORMAL','Seed',0.3,1.8,30,30,30,30,30,30,235,70,36,'Medium Slow',50),
(233,192,'Sunflora','Sonnflora',4,NULL,2,'NORMAL','Sun',0.8,8.5,75,75,55,105,85,30,120,70,149,'Medium Slow',50),
(234,193,'Yanma','Yanma',12,10,2,'NORMAL','Clear Wing',1.2,38,65,65,45,75,45,95,75,70,78,'Medium Fast',50),
(235,194,'Wooper','Felino',3,9,2,'NORMAL','Water Fish',0.4,8.5,55,45,45,25,25,15,255,70,42,'Medium Fast',50),
(236,195,'Quagsire','Morlord',3,9,2,'NORMAL','Water Fish',1.4,75,95,85,85,65,65,35,90,70,151,'Medium Fast',50),
(237,196,'Espeon','Psiana',11,NULL,2,'NORMAL','Sun',0.9,26.5,65,65,60,130,95,110,45,70,184,'Medium Fast',87.5),
(238,197,'Umbreon','Nachtara',15,NULL,2,'NORMAL','Moonlight',1,27,95,65,110,60,130,65,45,35,184,'Medium Fast',87.5),
(239,198,'Murkrow','Kramurx',15,10,2,'NORMAL','Darkness',0.5,2.1,60,85,42,85,42,91,30,35,81,'Medium Slow',50),
(240,199,'Slowking','Laschoking',3,11,2,'NORMAL','Royal',2,79.5,95,75,80,100,110,30,70,70,172,'Medium Fast',50),
(241,200,'Misdreavus','Traunfugil',14,NULL,2,'NORMAL','Screech',0.7,1,60,60,60,85,85,85,45,35,87,'Fast',50),
(242,201,'Unown','Icognito',11,NULL,2,'NORMAL','Symbol',0.5,5,48,72,48,72,48,48,225,70,118,'Medium Fast',0),
(243,202,'Wobbuffet','Woingenau',11,NULL,2,'NORMAL','Patient',1.3,28.5,190,33,58,33,58,33,45,70,142,'Medium Fast',50),
(244,203,'Girafarig','Girafarig',1,11,2,'NORMAL','Long Neck',1.5,41.5,70,80,65,90,65,85,60,70,159,'Medium Fast',50),
(245,204,'Pineco','Tannza',12,NULL,2,'NORMAL','Bagworm',0.6,7.2,50,65,90,35,35,15,190,70,58,'Medium Fast',50),
(246,205,'Forretress','Forstellka',12,17,2,'NORMAL','Bagworm',1.2,125.8,75,90,140,60,60,40,75,70,163,'Medium Fast',50),
(247,206,'Dunsparce','Dummisel',1,NULL,2,'NORMAL','Land Snake',1.5,14,100,70,70,65,65,45,190,70,145,'Medium Fast',50),
(248,207,'Gligar','Skorgla',9,10,2,'NORMAL','FlyScorpion',1.1,64.8,65,75,105,35,65,85,60,70,86,'Medium Slow',50),
(249,208,'Steelix','Stahlos',17,9,2,'NORMAL','Iron Snake',9.2,400,75,85,200,55,65,30,25,70,179,'Medium Fast',50),
(250,208,'Mega Steelix','Stahlos',17,9,2,'NORMAL','Iron Snake',10.5,740,75,125,230,55,95,30,25,70,214,'Medium Fast',50),
(251,209,'Snubbull','Snubbull',18,NULL,2,'NORMAL','Fairy',0.6,7.8,60,80,50,40,40,30,190,70,60,'Fast',25),
(252,210,'Granbull','Granbull',18,NULL,2,'NORMAL','Fairy',1.4,48.7,90,120,75,60,60,45,75,70,158,'Fast',25),
(253,211,'Qwilfish','Baldorfish',3,8,2,'NORMAL','Balloon',0.5,3.9,65,95,85,55,55,85,45,70,88,'Medium Fast',50),
(254,212,'Scizor','Scherox',12,17,2,'NORMAL','Pincer',1.8,118,70,130,100,55,80,65,25,70,175,'Medium Fast',50),
(255,212,'Mega Scizor','Scherox',12,17,2,'NORMAL','Pincer',2,125,70,150,140,65,100,75,25,70,210,'Medium Fast',50),
(256,213,'Shuckle','Pottrott',12,13,2,'NORMAL','Mold',0.6,20.5,20,10,230,10,230,5,190,70,177,'Medium Slow',50),
(257,214,'Heracross','Skaraborn',12,7,2,'NORMAL','Single Horn',1.5,54,80,125,75,40,95,85,45,70,175,'Slow',50),
(258,214,'Mega Heracross','Skaraborn',12,7,2,'NORMAL','Single Horn',1.7,62.5,80,185,115,40,105,75,45,70,210,'Slow',50),
(259,215,'Sneasel','Sniebel',15,6,2,'NORMAL','Sharp Claw',0.9,28,55,95,55,35,75,115,60,35,86,'Medium Slow',50),
(260,216,'Teddiursa','Teddiursa',1,NULL,2,'NORMAL','Little Bear',0.6,8.8,60,80,50,50,50,40,120,70,66,'Medium Fast',50),
(261,217,'Ursaring','Ursaring',1,NULL,2,'NORMAL','Hibernator',1.8,125.8,90,130,75,75,75,55,60,70,175,'Medium Fast',50),
(262,218,'Slugma','Schneckmag',2,NULL,2,'NORMAL','Lava',0.7,35,40,40,40,70,40,20,190,70,50,'Medium Fast',50),
(263,219,'Magcargo','Magcargo',2,13,2,'NORMAL','Lava',0.8,55,60,50,120,90,80,30,75,70,151,'Medium Fast',50),
(264,220,'Swinub','Quiekel',6,9,2,'NORMAL','Pig',0.4,6.5,50,50,40,30,30,50,225,70,50,'Slow',50),
(265,221,'Piloswine','Keifel',6,9,2,'NORMAL','Swine',1.1,55.8,100,100,80,60,60,50,75,70,158,'Slow',50),
(266,222,'Corsola','Corasonn',3,13,2,'NORMAL','Coral',0.6,5,65,55,95,65,95,35,60,70,144,'Fast',25),
(267,222,'Galarian Corsola','Corasonn',14,NULL,2,'NORMAL','Coral',0.6,0.5,60,55,100,65,100,30,0,0,0,'Fast',0),
(268,223,'Remoraid','Remoraid',3,NULL,2,'NORMAL','Jet',0.6,12,35,65,35,65,35,65,190,70,60,'Medium Fast',50),
(269,224,'Octillery','Octillery',3,NULL,2,'NORMAL','Jet',0.9,28.5,75,105,75,105,75,45,75,70,168,'Medium Fast',50),
(270,225,'Delibird','Botogel',6,10,2,'NORMAL','Delivery',0.9,16,45,55,45,65,45,75,45,70,116,'Fast',50),
(271,226,'Mantine','Mantax',3,10,2,'NORMAL','Kite',2.1,220,85,40,70,80,140,70,25,70,170,'Slow',50),
(272,227,'Skarmory','Panzaeron',17,10,2,'NORMAL','Armor Bird',1.7,50.5,65,80,140,40,70,70,25,70,163,'Slow',50),
(273,228,'Houndour','Hunduster',15,2,2,'NORMAL','Dark',0.6,10.8,45,60,30,80,50,65,120,35,66,'Slow',50),
(274,229,'Houndoom','Hundemon',15,2,2,'NORMAL','Dark',1.4,35,75,90,50,110,80,95,45,35,175,'Slow',50),
(275,229,'Mega Houndoom','Hundemon',15,2,2,'NORMAL','Dark',1.9,49.5,75,90,90,140,90,115,45,35,210,'Slow',50),
(276,230,'Kingdra','Seedraking',3,16,2,'NORMAL','Dragon',1.8,152,75,95,95,95,95,85,45,70,243,'Medium Fast',50),
(277,231,'Phanpy','Phanpy',9,NULL,2,'NORMAL','Long Nose',0.5,33.5,90,60,60,40,40,40,120,70,66,'Medium Fast',50),
(278,232,'Donphan','Donphan',9,NULL,2,'NORMAL','Armor',1.1,120,90,120,120,60,60,50,60,70,175,'Medium Fast',50),
(279,233,'Porygon2','Porygon2',1,NULL,2,'NORMAL','Virtual',0.6,32.5,85,80,90,105,95,60,45,70,180,'Medium Fast',0),
(280,234,'Stantler','Damhirplex',1,NULL,2,'NORMAL','Big Horn',1.4,71.2,73,95,62,85,65,85,45,70,163,'Slow',50),
(281,235,'Smeargle','Farbeagle',1,NULL,2,'NORMAL','Painter',1.2,58,55,20,35,20,45,75,45,70,88,'Fast',50),
(282,236,'Tyrogue','Rabauz',7,NULL,2,'NORMAL','Scuffle',0.7,21,35,35,35,35,35,35,75,70,42,'Medium Fast',100),
(283,237,'Hitmontop','Kapoera',7,NULL,2,'NORMAL','Handstand',1.4,48,50,95,95,35,110,70,45,70,159,'Medium Fast',100),
(284,238,'Smoochum','Kussilla',6,11,2,'NORMAL','Kiss',0.4,6,45,30,15,85,65,65,45,70,61,'Medium Fast',0),
(285,239,'Elekid','Elekid',5,NULL,2,'NORMAL','Electric',0.6,23.5,45,63,37,65,55,95,45,70,72,'Medium Fast',75),
(286,240,'Magby','Magby',2,NULL,2,'NORMAL','Live Coal',0.7,21.4,45,75,37,70,55,83,45,70,73,'Medium Fast',75),
(287,241,'Miltank','Miltank',1,NULL,2,'NORMAL','Milk Cow',1.2,75.5,95,80,105,40,70,100,45,70,172,'Slow',0),
(288,242,'Blissey','Heiteira',1,NULL,2,'NORMAL','Happiness',1.5,46.8,255,10,10,75,135,55,30,140,608,'Fast',0),
(289,243,'Raikou','Raikou',5,NULL,2,'SUB_LEGENDARY','Thunder',1.9,178,90,85,75,115,100,115,3,35,261,'Slow',0),
(290,244,'Entei','Entei',2,NULL,2,'SUB_LEGENDARY','Volcano',2.1,198,115,115,85,90,75,100,3,35,261,'Slow',0),
(291,245,'Suicune','Suicune',3,NULL,2,'SUB_LEGENDARY','Aurora',2,187,100,75,115,90,115,85,3,35,261,'Slow',0),
(292,246,'Larvitar','Larvitar',13,9,2,'NORMAL','Rock Skin',0.6,72,50,64,50,45,50,41,45,35,60,'Slow',50),
(293,247,'Pupitar','Pupitar',13,9,2,'NORMAL','Hard Shell',1.2,152,70,84,70,65,70,51,45,35,144,'Slow',50),
(294,248,'Tyranitar','Despotar',13,15,2,'NORMAL','Armor',2,202,100,134,110,95,100,61,45,35,270,'Slow',50),
(295,248,'Mega Tyranitar','Despotar',13,15,2,'NORMAL','Armor',2.5,255,100,164,150,95,120,71,45,35,315,'Slow',50),
(296,249,'Lugia','Lugia',11,10,2,'LEGENDARY','Diving',5.2,216,106,90,130,90,154,110,3,0,306,'Slow',0),
(297,250,'Ho-oh','Ho-Oh',2,10,2,'LEGENDARY','Rainbow',3.8,199,106,130,90,110,154,90,3,0,306,'Slow',0),
(298,251,'Celebi','Celebi',11,4,2,'MYTHICAL','Time Travel',0.6,5,100,100,100,100,100,100,45,100,270,'Medium Slow',0),
(299,252,'Treecko','Geckarbor',4,NULL,3,'NORMAL','Wood Gecko',0.5,5,40,45,35,65,55,70,45,70,62,'Medium Slow',87.5),
(300,253,'Grovyle','Reptain',4,NULL,3,'NORMAL','Wood Gecko',0.9,21.6,50,65,45,85,65,95,45,70,142,'Medium Slow',87.5),
(301,254,'Sceptile','Gewaldro',4,NULL,3,'NORMAL','Forest',1.7,52.2,70,85,65,105,85,120,45,70,239,'Medium Slow',87.5),
(302,254,'Mega Sceptile','Gewaldro',4,16,3,'NORMAL','Forest',1.9,55.2,70,110,75,145,85,145,45,70,284,'Medium Slow',87.5),
(303,255,'Torchic','Flemmli',2,NULL,3,'NORMAL','Chick',0.4,2.5,45,60,40,70,50,45,45,70,62,'Medium Slow',87.5),
(304,256,'Combusken','Jungglut',2,7,3,'NORMAL','Young Fowl',0.9,19.5,60,85,60,85,60,55,45,70,142,'Medium Slow',87.5),
(305,257,'Blaziken','Lohgock',2,7,3,'NORMAL','Blaze',1.9,52,80,120,70,110,70,80,45,70,239,'Medium Slow',87.5),
(306,257,'Mega Blaziken','Lohgock',2,7,3,'NORMAL','Blaze',1.9,52,80,160,80,130,80,100,45,70,284,'Medium Slow',87.5),
(307,258,'Mudkip','Hydropi',3,NULL,3,'NORMAL','Mud Fish',0.4,7.6,50,70,50,50,50,40,45,70,62,'Medium Slow',87.5),
(308,259,'Marshtomp','Moorabbel',3,9,3,'NORMAL','Mud Fish',0.7,28,70,85,70,60,70,50,45,70,142,'Medium Slow',87.5),
(309,260,'Swampert','Sumpex',3,9,3,'NORMAL','Mud Fish',1.5,81.9,100,110,90,85,90,60,45,70,241,'Medium Slow',87.5),
(310,260,'Mega Swampert','Sumpex',3,9,3,'NORMAL','Mud Fish',1.9,102,100,150,110,95,110,70,45,70,286,'Medium Slow',87.5),
(311,261,'Poochyena','Fiffyen',15,NULL,3,'NORMAL','Bite',0.5,13.6,35,55,35,30,30,35,255,70,56,'Medium Fast',50),
(312,262,'Mightyena','Magnayen',15,NULL,3,'NORMAL','Bite',1,37,70,90,70,60,60,70,127,70,147,'Medium Fast',50),
(313,263,'Zigzagoon','Zigzachs',1,NULL,3,'NORMAL','TinyRaccoon',0.4,17.5,38,30,41,30,41,60,255,70,56,'Medium Fast',50),
(314,263,'Galarian Zigzagoon','Zigzachs',15,1,3,'NORMAL','Tiny Raccoon',0.4,17.5,38,30,41,30,41,60,0,0,0,'Medium Fast',0),
(315,264,'Linoone','Geradaks',1,NULL,3,'NORMAL','Rushing',0.5,32.5,78,70,61,50,61,100,90,70,147,'Medium Fast',50),
(316,264,'Galarian Linoone','Geradaks',15,1,3,'NORMAL','Rushing',0.5,32.5,78,70,61,50,61,100,0,0,0,'Medium Fast',0),
(317,265,'Wurmple','Waumpel',12,NULL,3,'NORMAL','Worm',0.3,3.6,45,45,35,20,30,20,255,70,56,'Medium Fast',50),
(318,266,'Silcoon','Schaloko',12,NULL,3,'NORMAL','Cocoon',0.6,10,50,35,55,25,25,15,120,70,72,'Medium Fast',50),
(319,267,'Beautifly','Papinella',12,10,3,'NORMAL','Butterfly',1,28.4,60,70,50,100,50,65,45,70,178,'Medium Fast',50),
(320,268,'Cascoon','Panekon',12,NULL,3,'NORMAL','Cocoon',0.7,11.5,50,35,55,25,25,15,120,70,72,'Medium Fast',50),
(321,269,'Dustox','Pudox',12,8,3,'NORMAL','Poison Moth',1.2,31.6,60,50,70,50,90,65,45,70,173,'Medium Fast',50),
(322,270,'Lotad','Loturzel',3,4,3,'NORMAL','Water Weed',0.5,2.6,40,30,30,40,50,30,255,70,44,'Medium Slow',50),
(323,271,'Lombre','Lombrero',3,4,3,'NORMAL','Jolly',1.2,32.5,60,50,50,60,70,50,120,70,119,'Medium Slow',50),
(324,272,'Ludicolo','Kappalores',3,4,3,'NORMAL','Carefree',1.5,55,80,70,70,90,100,70,45,70,216,'Medium Slow',50),
(325,273,'Seedot','Samurzel',4,NULL,3,'NORMAL','Acorn',0.5,4,40,40,50,30,30,30,255,70,44,'Medium Slow',50),
(326,274,'Nuzleaf','Blanas',4,15,3,'NORMAL','Wily',1,28,70,70,40,60,40,60,120,70,119,'Medium Slow',50),
(327,275,'Shiftry','Tengulist',4,15,3,'NORMAL','Wicked',1.3,59.6,90,100,60,90,60,80,45,70,216,'Medium Slow',50),
(328,276,'Taillow','Schwalbini',1,10,3,'NORMAL','TinySwallow',0.3,2.3,40,55,30,30,30,85,200,70,54,'Medium Slow',50),
(329,277,'Swellow','Schwalboss',1,10,3,'NORMAL','Swallow',0.7,19.8,60,85,60,75,50,125,45,70,159,'Medium Slow',50),
(330,278,'Wingull','Wingull',3,10,3,'NORMAL','Seagull',0.6,9.5,40,30,30,55,30,85,190,70,54,'Medium Fast',50),
(331,279,'Pelipper','Pelipper',3,10,3,'NORMAL','Water Bird',1.2,28,60,50,100,95,70,65,45,70,154,'Medium Fast',50),
(332,280,'Ralts','Trasla',11,18,3,'NORMAL','Feeling',0.4,6.6,28,25,25,45,35,40,235,35,40,'Slow',50),
(333,281,'Kirlia','Kirlia',11,18,3,'NORMAL','Emotion',0.8,20.2,38,35,35,65,55,50,120,35,97,'Slow',50),
(334,282,'Gardevoir','Guardevoir',11,18,3,'NORMAL','Embrace',1.6,48.4,68,65,65,125,115,80,45,35,233,'Slow',50),
(335,282,'Mega Gardevoir','Guardevoir',11,18,3,'NORMAL','Embrace',1.6,48.4,68,85,65,165,135,100,45,35,278,'Slow',50),
(336,283,'Surskit','Gehweiher',12,3,3,'NORMAL','Pond Skater',0.5,1.7,40,30,32,50,52,65,200,70,54,'Medium Fast',50),
(337,284,'Masquerain','Maskeregen',12,10,3,'NORMAL','Eyeball',0.8,3.6,70,60,62,100,82,80,75,70,159,'Medium Fast',50),
(338,285,'Shroomish','Knilz',4,NULL,3,'NORMAL','Mushroom',0.4,4.5,60,40,60,40,60,35,255,70,59,'Fluctuating',50),
(339,286,'Breloom','Kapilz',4,7,3,'NORMAL','Mushroom',1.2,39.2,60,130,80,60,60,70,90,70,161,'Fluctuating',50),
(340,287,'Slakoth','Bummelz',1,NULL,3,'NORMAL','Slacker',0.8,24,60,60,60,35,35,30,255,70,56,'Slow',50),
(341,288,'Vigoroth','Muntier',1,NULL,3,'NORMAL','Wild Monkey',1.4,46.5,80,80,80,55,55,90,120,70,154,'Slow',50),
(342,289,'Slaking','Letarking',1,NULL,3,'NORMAL','Lazy',2,130.5,150,160,100,95,65,100,45,70,252,'Slow',50),
(343,290,'Nincada','Nincada',12,9,3,'NORMAL','Trainee',0.5,5.5,31,45,90,30,30,40,255,70,53,'Erratic',50),
(344,291,'Ninjask','Ninjask',12,10,3,'NORMAL','Ninja',0.8,12,61,90,45,50,50,160,120,70,160,'Erratic',50),
(345,292,'Shedinja','Ninjatom',12,14,3,'NORMAL','Shed',0.8,1.2,1,90,45,30,30,40,45,70,83,'Erratic',0),
(346,293,'Whismur','Flurmel',1,NULL,3,'NORMAL','Whisper',0.6,16.3,64,51,23,51,23,28,190,70,48,'Medium Slow',50),
(347,294,'Loudred','Krakeelo',1,NULL,3,'NORMAL','Big Voice',1,40.5,84,71,43,71,43,48,120,70,126,'Medium Slow',50),
(348,295,'Exploud','Krawumms',1,NULL,3,'NORMAL','Loud Noise',1.5,84,104,91,63,91,73,68,45,70,221,'Medium Slow',50),
(349,296,'Makuhita','Makuhita',7,NULL,3,'NORMAL','Guts',1,86.4,72,60,30,20,30,25,180,70,47,'Fluctuating',75),
(350,297,'Hariyama','Hariyama',7,NULL,3,'NORMAL','Arm Thrust',2.3,253.8,144,120,60,40,60,50,200,70,166,'Fluctuating',75),
(351,298,'Azurill','Azurill',1,18,3,'NORMAL','Polka Dot',0.2,2,50,20,40,20,40,20,150,70,38,'Fast',25),
(352,299,'Nosepass','Nasgnet',13,NULL,3,'NORMAL','Compass',1,97,30,45,135,45,90,30,255,70,75,'Medium Fast',50),
(353,300,'Skitty','Eneco',1,NULL,3,'NORMAL','Kitten',0.6,11,50,45,45,35,35,50,255,70,52,'Fast',25),
(354,301,'Delcatty','Enekoro',1,NULL,3,'NORMAL','Prim',1.1,32.6,70,65,65,55,55,90,60,70,140,'Fast',25),
(355,302,'Sableye','Zobiris',15,14,3,'NORMAL','Darkness',0.5,11,50,75,75,65,65,50,45,35,133,'Medium Slow',50),
(356,302,'Mega Sableye','Zobiris',15,14,3,'NORMAL','Darkness',0.5,161,50,85,125,85,115,20,45,35,168,'Medium Slow',50),
(357,303,'Mawile','Flunkifer',17,18,3,'NORMAL','Deceiver',0.6,11.5,50,85,85,55,55,50,45,70,133,'Fast',50),
(358,303,'Mega Mawile','Flunkifer',17,18,3,'NORMAL','Deceiver',1,23.5,50,105,125,55,95,50,45,70,168,'Fast',50),
(359,304,'Aron','Stollunior',17,13,3,'NORMAL','Iron Armor',0.4,60,50,70,100,40,40,30,180,35,66,'Slow',50),
(360,305,'Lairon','Stollrak',17,13,3,'NORMAL','Iron Armor',0.9,120,60,90,140,50,50,40,90,35,151,'Slow',50),
(361,306,'Aggron','Stolloss',17,13,3,'NORMAL','Iron Armor',2.1,360,70,110,180,60,60,50,45,35,239,'Slow',50),
(362,306,'Mega Aggron','Stolloss',17,NULL,3,'NORMAL','Iron Armor',2.2,395,70,140,230,60,80,50,45,35,284,'Slow',50),
(363,307,'Meditite','Meditie',7,11,3,'NORMAL','Meditate',0.6,11.2,30,40,55,40,55,60,180,70,56,'Medium Fast',50),
(364,308,'Medicham','Meditalis',7,11,3,'NORMAL','Meditate',1.3,31.5,60,60,75,60,75,80,90,70,144,'Medium Fast',50),
(365,308,'Mega Medicham','Meditalis',7,11,3,'NORMAL','Meditate',1.3,31.5,60,100,85,80,85,100,90,70,179,'Medium Fast',50),
(366,309,'Electrike','Frizelbliz',5,NULL,3,'NORMAL','Lightning',0.6,15.2,40,45,40,65,40,65,120,70,59,'Slow',50),
(367,310,'Manectric','Voltenso',5,NULL,3,'NORMAL','Discharge',1.5,40.2,70,75,60,105,60,105,45,70,166,'Slow',50),
(368,310,'Mega Manectric','Voltenso',5,NULL,3,'NORMAL','Discharge',1.8,44,70,75,80,135,80,135,45,70,201,'Slow',50),
(369,311,'Plusle','Plusle',5,NULL,3,'NORMAL','Cheering',0.4,4.2,60,50,40,85,75,95,200,70,142,'Medium Fast',50),
(370,312,'Minun','Minun',5,NULL,3,'NORMAL','Cheering',0.4,4.2,60,40,50,75,85,95,200,70,142,'Medium Fast',50),
(371,313,'Volbeat','Volbeat',12,NULL,3,'NORMAL','Firefly',0.7,17.7,65,73,75,47,85,85,150,70,151,'Erratic',100),
(372,314,'Illumise','Illumise',12,NULL,3,'NORMAL','Firefly',0.6,17.7,65,47,75,73,85,85,150,70,151,'Fluctuating',0),
(373,315,'Roselia','Roselia',4,8,3,'NORMAL','Thorn',0.3,2,50,60,45,100,80,65,150,70,140,'Medium Slow',50),
(374,316,'Gulpin','Schluppuck',8,NULL,3,'NORMAL','Stomach',0.4,10.3,70,43,53,43,53,40,225,70,60,'Fluctuating',50),
(375,317,'Swalot','Schlukwech',8,NULL,3,'NORMAL','Poison Bag',1.7,80,100,73,83,73,83,55,75,70,163,'Fluctuating',50),
(376,318,'Carvanha','Kanivanha',3,15,3,'NORMAL','Savage',0.8,20.8,45,90,20,65,20,65,225,35,61,'Slow',50),
(377,319,'Sharpedo','Tohaido',3,15,3,'NORMAL','Brutal',1.8,88.8,70,120,40,95,40,95,60,35,161,'Slow',50),
(378,319,'Mega Sharpedo','Tohaido',3,15,3,'NORMAL','Brutal',2.5,130.3,70,140,70,110,65,105,60,35,196,'Slow',50),
(379,320,'Wailmer','Wailmer',3,NULL,3,'NORMAL','Ball Whale',2,130,130,70,35,70,35,60,125,70,80,'Fluctuating',50),
(380,321,'Wailord','Wailord',3,NULL,3,'NORMAL','Float Whale',14.5,398,170,90,45,90,45,60,60,70,175,'Fluctuating',50),
(381,322,'Numel','Camaub',2,9,3,'NORMAL','Numb',0.7,24,60,60,40,65,45,35,255,70,61,'Medium Fast',50),
(382,323,'Camerupt','Camerupt',2,9,3,'NORMAL','Eruption',1.9,220,70,100,70,105,75,40,150,70,161,'Medium Fast',50),
(383,323,'Mega Camerupt','Camerupt',2,9,3,'NORMAL','Eruption',2.5,320.5,70,120,100,145,105,20,150,70,196,'Medium Fast',50),
(384,324,'Torkoal','Qurtel',2,NULL,3,'NORMAL','Coal',0.5,80.4,70,85,140,85,70,20,90,70,165,'Medium Fast',50),
(385,325,'Spoink','Spoink',11,NULL,3,'NORMAL','Bounce',0.7,30.6,60,25,35,70,80,60,255,70,66,'Fast',50),
(386,326,'Grumpig','Groink',11,NULL,3,'NORMAL','Manipulate',0.9,71.5,80,45,65,90,110,80,60,70,165,'Fast',50),
(387,327,'Spinda','Pandir',1,NULL,3,'NORMAL','Spot Panda',1.1,5,60,60,60,60,60,60,255,70,126,'Fast',50),
(388,328,'Trapinch','Knacklion',9,NULL,3,'NORMAL','Ant Pit',0.7,15,45,100,45,45,45,10,255,70,58,'Medium Slow',50),
(389,329,'Vibrava','Vibrava',9,16,3,'NORMAL','Vibration',1.1,15.3,50,70,50,50,50,70,120,70,119,'Medium Slow',50),
(390,330,'Flygon','Libelldra',9,16,3,'NORMAL','Mystic',2,82,80,100,80,80,80,100,45,70,234,'Medium Slow',50),
(391,331,'Cacnea','Tuska',4,NULL,3,'NORMAL','Cactus',0.4,51.3,50,85,40,85,40,35,190,35,67,'Medium Slow',50),
(392,332,'Cacturne','Noktuska',4,15,3,'NORMAL','Scarecrow',1.3,77.4,70,115,60,115,60,55,60,35,166,'Medium Slow',50),
(393,333,'Swablu','Wablu',1,10,3,'NORMAL','Cotton Bird',0.4,1.2,45,40,60,40,75,50,255,70,62,'Erratic',50),
(394,334,'Altaria','Altaria',16,10,3,'NORMAL','Humming',1.1,20.6,75,70,90,70,105,80,45,70,172,'Erratic',50),
(395,334,'Mega Altaria','Altaria',16,18,3,'NORMAL','Humming',1.5,20.6,75,110,110,110,105,80,45,70,207,'Erratic',50),
(396,335,'Zangoose','Sengo',1,NULL,3,'NORMAL','Cat Ferret',1.3,40.3,73,115,60,60,60,90,90,70,160,'Erratic',50),
(397,336,'Seviper','Vipitis',8,NULL,3,'NORMAL','Fang Snake',2.7,52.5,73,100,60,100,60,65,90,70,160,'Fluctuating',50),
(398,337,'Lunatone','Lunastein',13,11,3,'NORMAL','Meteorite',1,168,90,55,65,95,85,70,45,70,161,'Fast',0),
(399,338,'Solrock','Sonnfel',13,11,3,'NORMAL','Meteorite',1.2,154,90,95,85,55,65,70,45,70,161,'Fast',0),
(400,339,'Barboach','Schmerbe',3,9,3,'NORMAL','Whiskers',0.4,1.9,50,48,43,46,41,60,190,70,58,'Medium Fast',50),
(401,340,'Whiscash','Welsar',3,9,3,'NORMAL','Whiskers',0.9,23.6,110,78,73,76,71,60,75,70,164,'Medium Fast',50),
(402,341,'Corphish','Krebscorps',3,NULL,3,'NORMAL','Ruffian',0.6,11.5,43,80,65,50,35,35,205,70,62,'Fluctuating',50),
(403,342,'Crawdaunt','Krebutack',3,15,3,'NORMAL','Rogue',1.1,32.8,63,120,85,90,55,55,155,70,164,'Fluctuating',50),
(404,343,'Baltoy','Puppance',9,11,3,'NORMAL','Clay Doll',0.5,21.5,40,40,55,40,70,55,255,70,60,'Medium Fast',0),
(405,344,'Claydol','Lepumentas',9,11,3,'NORMAL','Clay Doll',1.5,108,60,70,105,70,120,75,90,70,175,'Medium Fast',0),
(406,345,'Lileep','Liliep',13,4,3,'NORMAL','Sea Lily',1,23.8,66,41,77,61,87,23,45,70,71,'Erratic',87.5),
(407,346,'Cradily','Wielie',13,4,3,'NORMAL','Barnacle',1.5,60.4,86,81,97,81,107,43,45,70,173,'Erratic',87.5),
(408,347,'Anorith','Anorith',13,12,3,'NORMAL','Old Shrimp',0.7,12.5,45,95,50,40,50,75,45,70,71,'Erratic',87.5),
(409,348,'Armaldo','Armaldo',13,12,3,'NORMAL','Plate',1.5,68.2,75,125,100,70,80,45,45,70,173,'Erratic',87.5),
(410,349,'Feebas','Barschwa',3,NULL,3,'NORMAL','Fish',0.6,7.4,20,15,20,10,55,80,255,70,40,'Erratic',50),
(411,350,'Milotic','Milotic',3,NULL,3,'NORMAL','Tender',6.2,162,95,60,79,100,125,81,60,70,189,'Erratic',50),
(412,351,'Castform','Formeo',1,NULL,3,'NORMAL','Weather',0.3,0.8,70,70,70,70,70,70,45,70,147,'Medium Fast',50),
(413,351,'Castform Sunny Form','Formeo',2,NULL,3,'NORMAL','Weather',0.3,0.8,70,70,70,70,70,70,45,70,147,'Medium Fast',50),
(414,351,'Castform Rainy Form','Formeo',3,NULL,3,'NORMAL','Weather',0.3,0.8,70,70,70,70,70,70,45,70,147,'Medium Fast',50),
(415,351,'Castform Snowy Form','Formeo',6,NULL,3,'NORMAL','Weather',0.3,0.8,70,70,70,70,70,70,45,70,147,'Medium Fast',50),
(416,352,'Kecleon','Kecleon',1,NULL,3,'NORMAL','Color Swap',1,22,60,90,70,60,120,40,200,70,154,'Medium Slow',50),
(417,353,'Shuppet','Shuppet',14,NULL,3,'NORMAL','Puppet',0.6,2.3,44,75,35,63,33,45,225,35,59,'Fast',50),
(418,354,'Banette','Banette',14,NULL,3,'NORMAL','Marionette',1.1,12.5,64,115,65,83,63,65,45,35,159,'Fast',50),
(419,354,'Mega Banette','Banette',14,NULL,3,'NORMAL','Marionette',1.2,13,64,165,75,93,83,75,45,35,194,'Fast',50),
(420,355,'Duskull','Zwirrlicht',14,NULL,3,'NORMAL','Requiem',0.8,15,20,40,90,30,90,25,190,35,59,'Fast',50),
(421,356,'Dusclops','Zwirrklop',14,NULL,3,'NORMAL','Beckon',1.6,30.6,40,70,130,60,130,25,90,35,159,'Fast',50),
(422,357,'Tropius','Tropius',4,10,3,'NORMAL','Fruit',2,100,99,68,83,72,87,51,200,70,161,'Slow',50),
(423,358,'Chimecho','Palimpalim',11,NULL,3,'NORMAL','Wind Chime',0.6,1,75,50,80,95,90,65,45,70,159,'Fast',50),
(424,359,'Absol','Absol',15,NULL,3,'NORMAL','Disaster',1.2,47,65,130,60,75,60,75,30,35,163,'Medium Slow',50),
(425,359,'Mega Absol','Absol',15,NULL,3,'NORMAL','Disaster',1.2,49,65,150,60,115,60,115,30,35,198,'Medium Slow',50),
(426,360,'Wynaut','Isso',11,NULL,3,'NORMAL','Bright',0.6,14,95,23,48,23,48,23,125,70,52,'Medium Fast',50),
(427,361,'Snorunt','Schneppke',6,NULL,3,'NORMAL','Snow Hat',0.7,16.8,50,50,50,50,50,50,190,70,60,'Medium Fast',50),
(428,362,'Glalie','Firnontor',6,NULL,3,'NORMAL','Face',1.5,256.5,80,80,80,80,80,80,75,70,168,'Medium Fast',50),
(429,362,'Mega Glalie','Firnontor',6,NULL,3,'NORMAL','Face',2.1,350.2,80,120,80,120,80,100,75,70,203,'Medium Fast',50),
(430,363,'Spheal','Seemops',6,3,3,'NORMAL','Clap',0.8,39.5,70,40,50,55,50,25,255,70,58,'Medium Slow',50),
(431,364,'Sealeo','Seejong',6,3,3,'NORMAL','Ball Roll',1.1,87.6,90,60,70,75,70,45,120,70,144,'Medium Slow',50),
(432,365,'Walrein','Walraisa',6,3,3,'NORMAL','Ice Break',1.4,150.6,110,80,90,95,90,65,45,70,239,'Medium Slow',50),
(433,366,'Clamperl','Perlu',3,NULL,3,'NORMAL','Bivalve',0.4,52.5,35,64,85,74,55,32,255,70,69,'Erratic',50),
(434,367,'Huntail','Aalabyss',3,NULL,3,'NORMAL','Deep Sea',1.7,27,55,104,105,94,75,52,60,70,170,'Erratic',50),
(435,368,'Gorebyss','Saganabyss',3,NULL,3,'NORMAL','South Sea',1.8,22.6,55,84,105,114,75,52,60,70,170,'Erratic',50),
(436,369,'Relicanth','Relicanth',3,13,3,'NORMAL','Longevity',1,23.4,100,90,130,45,65,55,25,70,170,'Slow',87.5),
(437,370,'Luvdisc','Liebiskus',3,NULL,3,'NORMAL','Rendezvous',0.6,8.7,43,30,55,40,65,97,225,70,116,'Fast',25),
(438,371,'Bagon','Kindwurm',16,NULL,3,'NORMAL','Rock Head',0.6,42.1,45,75,60,40,30,50,45,35,60,'Slow',50),
(439,372,'Shelgon','Draschel',16,NULL,3,'NORMAL','Endurance',1.1,110.5,65,95,100,60,50,50,45,35,147,'Slow',50),
(440,373,'Salamence','Brutalanda',16,10,3,'NORMAL','Dragon',1.5,102.6,95,135,80,110,80,100,45,35,270,'Slow',50),
(441,373,'Mega Salamence','Brutalanda',16,10,3,'NORMAL','Dragon',1.8,112.6,95,145,130,120,90,120,45,35,315,'Slow',50),
(442,374,'Beldum','Tanhel',17,11,3,'NORMAL','Iron Ball',0.6,95.2,40,55,80,35,60,30,3,35,60,'Slow',0),
(443,375,'Metang','Metang',17,11,3,'NORMAL','Iron Claw',1.2,202.5,60,75,100,55,80,50,3,35,147,'Slow',0),
(444,376,'Metagross','Metagross',17,11,3,'NORMAL','Iron Leg',1.6,550,80,135,130,95,90,70,3,35,270,'Slow',0),
(445,376,'Mega Metagross','Metagross',17,11,3,'NORMAL','Iron Leg',2.5,942.9,80,145,150,105,110,110,3,35,315,'Slow',0),
(446,377,'Regirock','Regirock',13,NULL,3,'SUB_LEGENDARY','Rock Peak',1.7,230,80,100,200,50,100,50,3,35,261,'Slow',0),
(447,378,'Regice','Regice',6,NULL,3,'SUB_LEGENDARY','Iceberg',1.8,175,80,50,100,100,200,50,3,35,261,'Slow',0),
(448,379,'Registeel','Registeel',17,NULL,3,'SUB_LEGENDARY','Iron',1.9,205,80,75,150,75,150,50,3,35,261,'Slow',0),
(449,380,'Latias','Latias',16,11,3,'SUB_LEGENDARY','Eon',1.4,40,80,80,90,110,130,110,3,90,270,'Slow',0),
(450,380,'Mega Latias','Latias',16,11,3,'SUB_LEGENDARY','Eon',1.8,52,80,100,120,140,150,110,3,90,315,'Slow',0),
(451,381,'Latios','Latios',16,11,3,'SUB_LEGENDARY','Eon',2,60,80,90,80,130,110,110,3,90,270,'Slow',100),
(452,381,'Mega Latios','Latios',16,11,3,'SUB_LEGENDARY','Eon',2.3,70,80,130,100,160,120,110,3,90,315,'Slow',100),
(453,382,'Kyogre','Kyogre',3,NULL,3,'LEGENDARY','Sea Basin',4.5,352,100,100,90,150,140,90,3,0,302,'Slow',0),
(454,382,'Primal Kyogre','Kyogre',3,NULL,3,'LEGENDARY','Sea Basin',9.8,430,100,150,90,180,160,90,5,0,347,'Slow',0),
(455,383,'Groudon','Groudon',9,NULL,3,'LEGENDARY','Continent',3.5,950,100,150,140,100,90,90,3,0,302,'Slow',0),
(456,383,'Primal Groudon','Groudon',9,2,3,'LEGENDARY','Continent',5,999.7,100,180,160,150,90,90,5,0,347,'Slow',0),
(457,384,'Rayquaza','Rayquaza',16,10,3,'LEGENDARY','Sky High',7,206.5,105,150,90,150,90,95,45,0,306,'Slow',0),
(458,384,'Mega Rayquaza','Rayquaza',16,10,3,'LEGENDARY','Sky High',10.8,392,105,180,100,180,100,115,3,0,351,'Slow',0),
(459,385,'Jirachi','Jirachi',17,11,3,'MYTHICAL','Wish',0.3,1.1,100,100,100,100,100,100,3,100,270,'Slow',0),
(460,386,'Deoxys Normal Forme','Deoxys',11,NULL,3,'MYTHICAL','DNA',1.7,60.8,50,150,50,150,50,150,3,0,270,'Slow',0),
(461,386,'Deoxys Attack Forme','Deoxys',11,NULL,3,'MYTHICAL','DNA',1.7,60.8,50,180,20,180,20,150,3,0,270,'Slow',0),
(462,386,'Deoxys Defense Forme','Deoxys',11,NULL,3,'MYTHICAL','DNA',1.7,60.8,50,70,160,70,160,90,3,0,270,'Slow',0),
(463,386,'Deoxys Speed Forme','Deoxys',11,NULL,3,'MYTHICAL','DNA',1.7,60.8,50,95,90,95,90,180,3,0,270,'Slow',0),
(464,387,'Turtwig','Chelast',4,NULL,4,'NORMAL','Tiny Leaf',0.4,10.2,55,68,64,45,55,31,45,70,64,'Medium Slow',87.5),
(465,388,'Grotle','Chelcarain',4,NULL,4,'NORMAL','Grove',1.1,97,75,89,85,55,65,36,45,70,142,'Medium Slow',87.5),
(466,389,'Torterra','Chelterrar',4,9,4,'NORMAL','Continent',2.2,310,95,109,105,75,85,56,45,70,236,'Medium Slow',87.5),
(467,390,'Chimchar','Panflam',2,NULL,4,'NORMAL','Chimp',0.5,6.2,44,58,44,58,44,61,45,70,62,'Medium Slow',87.5),
(468,391,'Monferno','Panpyro',2,7,4,'NORMAL','Playful',0.9,22,64,78,52,78,52,81,45,70,142,'Medium Slow',87.5),
(469,392,'Infernape','Panferno',2,7,4,'NORMAL','Flame',1.2,55,76,104,71,104,71,108,45,70,240,'Medium Slow',87.5),
(470,393,'Piplup','Plinfa',3,NULL,4,'NORMAL','Penguin',0.4,5.2,53,51,53,61,56,40,45,70,63,'Medium Slow',87.5),
(471,394,'Prinplup','Pliprin',3,NULL,4,'NORMAL','Penguin',0.8,23,64,66,68,81,76,50,45,70,142,'Medium Slow',87.5),
(472,395,'Empoleon','Impoleon',3,17,4,'NORMAL','Emperor',1.7,84.5,84,86,88,111,101,60,45,70,239,'Medium Slow',87.5),
(473,396,'Starly','Staralili',1,10,4,'NORMAL','Starling',0.3,2,40,55,30,30,30,60,255,70,49,'Medium Slow',50),
(474,397,'Staravia','Staravia',1,10,4,'NORMAL','Starling',0.6,15.5,55,75,50,40,40,80,120,70,119,'Medium Slow',50),
(475,398,'Staraptor','Staraptor',1,10,4,'NORMAL','Predator',1.2,24.9,85,120,70,50,60,100,45,70,218,'Medium Slow',50),
(476,399,'Bidoof','Bidiza',1,NULL,4,'NORMAL','Plump Mouse',0.5,20,59,45,40,35,40,31,255,70,50,'Medium Fast',50),
(477,400,'Bibarel','Bidifas',1,3,4,'NORMAL','Beaver',1,31.5,79,85,60,55,60,71,127,70,144,'Medium Fast',50),
(478,401,'Kricketot','Zirpurze',12,NULL,4,'NORMAL','Cricket',0.3,2.2,37,25,41,25,41,25,255,70,39,'Medium Slow',50),
(479,402,'Kricketune','Zirpeise',12,NULL,4,'NORMAL','Cricket',1,25.5,77,85,51,55,51,65,45,70,134,'Medium Slow',50),
(480,403,'Shinx','Sheinux',5,NULL,4,'NORMAL','Flash',0.5,9.5,45,65,34,40,34,45,235,70,53,'Medium Slow',50),
(481,404,'Luxio','Luxio',5,NULL,4,'NORMAL','Spark',0.9,30.5,60,85,49,60,49,60,120,100,127,'Medium Slow',50),
(482,405,'Luxray','Luxtra',5,NULL,4,'NORMAL','Gleam Eyes',1.4,42,80,120,79,95,79,70,45,70,235,'Medium Slow',50),
(483,406,'Budew','Knospi',4,8,4,'NORMAL','Bud',0.2,1.2,40,30,35,50,70,55,255,70,56,'Medium Slow',50),
(484,407,'Roserade','Roserade',4,8,4,'NORMAL','Bouquet',0.9,14.5,60,70,65,125,105,90,75,70,232,'Medium Slow',50),
(485,408,'Cranidos','Koknodon',13,NULL,4,'NORMAL','Head Butt',0.9,31.5,67,125,40,30,30,58,45,70,70,'Erratic',87.5),
(486,409,'Rampardos','Rameidon',13,NULL,4,'NORMAL','Head Butt',1.6,102.5,97,165,60,65,50,58,45,70,173,'Erratic',87.5),
(487,410,'Shieldon','Schilterus',13,17,4,'NORMAL','Shield',0.5,57,30,42,118,42,88,30,45,70,70,'Erratic',87.5),
(488,411,'Bastiodon','Bollterus',13,17,4,'NORMAL','Shield',1.3,149.5,60,52,168,47,138,30,45,70,173,'Erratic',87.5),
(489,412,'Burmy','Burmy',12,NULL,4,'NORMAL','Bagworm',0.2,3.4,40,29,45,29,45,36,120,70,45,'Medium Fast',50),
(490,413,'Wormadam Plant Cloak','Burmadame',12,4,4,'NORMAL','Bagworm',0.5,6.5,60,59,85,79,105,36,45,70,148,'Medium Fast',0),
(491,413,'Wormadam Sandy Cloak','Burmadame',12,9,4,'NORMAL','Bagworm',0.5,6.5,60,79,105,59,85,36,45,70,148,'Medium Fast',0),
(492,413,'Wormadam Trash Cloak','Burmadame',12,17,4,'NORMAL','Bagworm',0.5,6.5,60,69,95,69,95,36,45,70,148,'Medium Fast',0),
(493,414,'Mothim','Moterpel',12,10,4,'NORMAL','Moth',0.9,23.3,70,94,50,94,50,66,45,70,148,'Medium Fast',100),
(494,415,'Combee','Wadribie',12,10,4,'NORMAL','Tiny Bee',0.3,5.5,30,30,42,30,42,70,120,70,49,'Medium Slow',87.5),
(495,416,'Vespiquen','Honweisel',12,10,4,'NORMAL','Beehive',1.2,38.5,70,80,102,80,102,40,45,70,166,'Medium Slow',0),
(496,417,'Pachirisu','Pachirisu',5,NULL,4,'NORMAL','EleSquirrel',0.4,3.9,60,45,70,45,90,95,200,100,142,'Medium Fast',50),
(497,418,'Buizel','Bamelin',3,NULL,4,'NORMAL','Sea Weasel',0.7,29.5,55,65,35,60,30,85,190,70,66,'Medium Fast',50),
(498,419,'Floatzel','Bojelin',3,NULL,4,'NORMAL','Sea Weasel',1.1,33.5,85,105,55,85,50,115,75,70,173,'Medium Fast',50),
(499,420,'Cherubi','Kikugi',4,NULL,4,'NORMAL','Cherry',0.4,3.3,45,35,45,62,53,35,190,70,55,'Medium Fast',50),
(500,421,'Cherrim','Kinoso',4,NULL,4,'NORMAL','Blossom',0.5,9.3,70,60,70,87,78,85,75,70,158,'Medium Fast',50),
(501,422,'Shellos','Schalellos',3,NULL,4,'NORMAL','Sea Slug',0.3,6.3,76,48,48,57,62,34,190,70,65,'Medium Fast',50),
(502,423,'Gastrodon','Gastrodon',3,9,4,'NORMAL','Sea Slug',0.9,29.9,111,83,68,92,82,39,75,70,166,'Medium Fast',50),
(503,424,'Ambipom','Ambidiffel',1,NULL,4,'NORMAL','Long Tail',1.2,20.3,75,100,66,60,66,115,45,100,169,'Fast',50),
(504,425,'Drifloon','Driftlon',14,10,4,'NORMAL','Balloon',0.4,1.2,90,50,34,60,44,70,125,70,70,'Fluctuating',50),
(505,426,'Drifblim','Drifzepeli',14,10,4,'NORMAL','Blimp',1.2,15,150,80,44,90,54,80,60,70,174,'Fluctuating',50),
(506,427,'Buneary','Haspiror',1,NULL,4,'NORMAL','Rabbit',0.4,5.5,55,66,44,44,56,85,190,0,70,'Medium Fast',50),
(507,428,'Lopunny','Schlapor',1,NULL,4,'NORMAL','Rabbit',1.2,33.3,65,76,84,54,96,105,60,140,168,'Medium Fast',50),
(508,428,'Mega Lopunny','Schlapor',1,7,4,'NORMAL','Rabbit',1.3,28.3,65,136,94,54,96,135,60,140,203,'Medium Fast',50),
(509,429,'Mismagius','Traunmagil',14,NULL,4,'NORMAL','Magical',0.9,4.4,60,60,60,105,105,105,45,35,173,'Fast',50),
(510,430,'Honchkrow','Kramshef',15,10,4,'NORMAL','Big Boss',0.9,27.3,100,125,52,105,52,71,30,35,177,'Medium Slow',50),
(511,431,'Glameow','Charmian',1,NULL,4,'NORMAL','Catty',0.5,3.9,49,55,42,42,37,85,190,70,62,'Fast',25),
(512,432,'Purugly','Shnurgarst',1,NULL,4,'NORMAL','Tiger Cat',1,43.8,71,82,64,64,59,112,75,70,158,'Fast',25),
(513,433,'Chingling','Klingplim',11,NULL,4,'NORMAL','Bell',0.2,0.6,45,30,50,65,50,45,120,70,57,'Fast',50),
(514,434,'Stunky','Skunkapuh',8,15,4,'NORMAL','Skunk',0.4,19.2,63,63,47,41,41,74,225,70,66,'Medium Fast',50),
(515,435,'Skuntank','Skuntank',8,15,4,'NORMAL','Skunk',1,38,103,93,67,71,61,84,60,70,168,'Medium Fast',50),
(516,436,'Bronzor','Bronzel',17,11,4,'NORMAL','Bronze',0.5,60.5,57,24,86,24,86,23,255,70,60,'Medium Fast',0),
(517,437,'Bronzong','Bronzong',17,11,4,'NORMAL','Bronze Bell',1.3,187,67,89,116,79,116,33,90,70,175,'Medium Fast',0),
(518,438,'Bonsly','Mobai',13,NULL,4,'NORMAL','Bonsai',0.5,15,50,80,95,10,45,10,255,70,58,'Medium Fast',50),
(519,439,'Mime Jr.','Pantimimi',11,18,4,'NORMAL','Mime',0.6,13,20,25,45,70,90,60,145,70,62,'Medium Fast',50),
(520,440,'Happiny','Wonneira',1,NULL,4,'NORMAL','Playhouse',0.6,24.4,100,5,5,15,65,30,130,140,110,'Fast',0),
(521,441,'Chatot','Plaudagei',1,10,4,'NORMAL','Music Note',0.5,1.9,76,65,45,92,42,91,30,35,144,'Medium Slow',50),
(522,442,'Spiritomb','Kryppuk',14,15,4,'NORMAL','Forbidden',1,108,50,92,108,92,108,35,100,70,170,'Medium Fast',50),
(523,443,'Gible','Kaumalat',16,9,4,'NORMAL','Land Shark',0.7,20.5,58,70,45,40,45,42,45,70,60,'Slow',50),
(524,444,'Gabite','Knarksel',16,9,4,'NORMAL','Cave',1.4,56,68,90,65,50,55,82,45,70,144,'Slow',50),
(525,445,'Garchomp','Knakrack',16,9,4,'NORMAL','Mach',1.9,95,108,130,95,80,85,102,45,70,270,'Slow',50),
(526,445,'Mega Garchomp','Knakrack',16,9,4,'NORMAL','Mach',1.9,95,108,170,115,120,95,92,45,70,315,'Slow',50),
(527,446,'Munchlax','Mampfaxo',1,NULL,4,'NORMAL','Big Eater',0.6,105,135,85,40,40,85,5,50,70,78,'Slow',87.5),
(528,447,'Riolu','Riolu',7,NULL,4,'NORMAL','Emanation',0.7,20.2,40,70,40,35,40,60,75,70,57,'Medium Slow',87.5),
(529,448,'Lucario','Lucario',7,17,4,'NORMAL','Aura',1.2,54,70,110,70,115,70,90,45,70,184,'Medium Slow',87.5),
(530,448,'Mega Lucario','Lucario',7,17,4,'NORMAL','Aura',1.3,57.5,70,145,88,140,70,112,45,70,219,'Medium Slow',87.5),
(531,449,'Hippopotas','Hippopotas',9,NULL,4,'NORMAL','Hippo',0.8,49.5,68,72,78,38,42,32,140,70,66,'Slow',50),
(532,450,'Hippowdon','Hippoterus',9,NULL,4,'NORMAL','Heavyweight',2,300,108,112,118,68,72,47,60,70,184,'Slow',50),
(533,451,'Skorupi','Pionskora',8,12,4,'NORMAL','Scorpion',0.8,12,40,50,90,30,55,65,120,70,66,'Slow',50),
(534,452,'Drapion','Piondragi',8,15,4,'NORMAL','Ogre Scorp',1.3,61.5,70,90,110,60,75,95,45,70,175,'Slow',50),
(535,453,'Croagunk','Glibunkel',8,7,4,'NORMAL','Toxic Mouth',0.7,23,48,61,40,61,40,50,140,100,60,'Medium Fast',50),
(536,454,'Toxicroak','Toxiquak',8,7,4,'NORMAL','Toxic Mouth',1.3,44.4,83,106,65,86,65,85,75,70,172,'Medium Fast',50),
(537,455,'Carnivine','Venuflibis',4,NULL,4,'NORMAL','Bug Catcher',1.4,27,74,100,72,90,72,46,200,70,159,'Slow',50),
(538,456,'Finneon','Finneon',3,NULL,4,'NORMAL','Wing Fish',0.4,7,49,49,56,49,61,66,190,70,66,'Erratic',50),
(539,457,'Lumineon','Lumineon',3,NULL,4,'NORMAL','Neon',1.2,24,69,69,76,69,86,91,75,70,161,'Erratic',50),
(540,458,'Mantyke','Mantirps',3,10,4,'NORMAL','Kite',1,65,45,20,50,60,120,50,25,70,69,'Slow',50),
(541,459,'Snover','Shnebedeck',4,6,4,'NORMAL','Frost Tree',1,50.5,60,62,50,62,60,40,120,70,67,'Slow',50),
(542,460,'Abomasnow','Rexblisar',4,6,4,'NORMAL','Frost Tree',2.2,135.5,90,92,75,92,85,60,60,70,173,'Slow',50),
(543,460,'Mega Abomasnow','Rexblisar',4,6,4,'NORMAL','Frost Tree',2.7,185,90,132,105,132,105,30,60,70,208,'Slow',50),
(544,461,'Weavile','Snibunna',15,6,4,'NORMAL','Sharp Claw',1.1,34,70,120,65,45,85,125,45,35,179,'Medium Slow',50),
(545,462,'Magnezone','Magnezone',5,17,4,'NORMAL','Magnet Area',1.2,180,70,70,115,130,90,60,30,70,241,'Medium Fast',0),
(546,463,'Lickilicky','Schlurplek',1,NULL,4,'NORMAL','Licking',1.7,140,110,85,95,80,95,50,30,70,180,'Medium Fast',50),
(547,464,'Rhyperior','Rihornior',9,13,4,'NORMAL','Drill',2.4,282.8,115,140,130,55,55,40,30,70,241,'Slow',50),
(548,465,'Tangrowth','Tangoloss',4,NULL,4,'NORMAL','Vine',2,128.6,100,100,125,110,50,50,30,70,187,'Medium Fast',50),
(549,466,'Electivire','Elevoltek',5,NULL,4,'NORMAL','Thunderbolt',1.8,138.6,75,123,67,95,85,95,30,70,243,'Medium Fast',75),
(550,467,'Magmortar','Magbrant',2,NULL,4,'NORMAL','Blast',1.6,68,75,95,67,125,95,83,30,70,243,'Medium Fast',75),
(551,468,'Togekiss','Togekiss',18,10,4,'NORMAL','Jubilee',1.5,38,85,50,95,120,115,80,30,70,245,'Fast',87.5),
(552,469,'Yanmega','Yanmega',12,10,4,'NORMAL','Ogre Darner',1.9,51.5,86,76,86,116,56,95,30,70,180,'Medium Fast',50),
(553,470,'Leafeon','Folipurba',4,NULL,4,'NORMAL','Verdant',1,25.5,65,110,130,60,65,95,45,35,184,'Medium Fast',87.5),
(554,471,'Glaceon','Glaziola',6,NULL,4,'NORMAL','Fresh Snow',0.8,25.9,65,60,110,130,95,65,45,35,184,'Medium Fast',87.5),
(555,472,'Gliscor','Skorgro',9,10,4,'NORMAL','Fang Scorp',2,42.5,75,95,125,45,75,95,30,70,179,'Medium Slow',50),
(556,473,'Mamoswine','Mamutel',6,9,4,'NORMAL','Twin Tusk',2.5,291,110,130,80,70,60,80,50,70,239,'Slow',50),
(557,474,'Porygon-Z','Porygon-Z',1,NULL,4,'NORMAL','Virtual',0.9,34,85,80,70,135,75,90,30,70,241,'Medium Fast',0),
(558,475,'Gallade','Galagladi',11,7,4,'NORMAL','Blade',1.6,52,68,125,65,65,115,80,45,35,233,'Slow',100),
(559,475,'Mega Gallade','Galagladi',11,7,4,'NORMAL','Blade',1.6,56.4,68,165,95,65,115,110,45,35,278,'Slow',100),
(560,476,'Probopass','Voluminas',13,17,4,'NORMAL','Compass',1.4,340,60,55,145,75,150,40,60,70,184,'Medium Fast',50),
(561,477,'Dusknoir','Zwirrfinst',14,NULL,4,'NORMAL','Gripper',2.2,106.6,45,100,135,65,135,45,45,35,236,'Fast',50),
(562,478,'Froslass','Frosdedje',6,14,4,'NORMAL','Snow Land',1.3,26.6,70,80,70,80,70,110,75,70,168,'Medium Fast',0),
(563,479,'Rotom','Rotom',5,14,4,'NORMAL','Plasma',0.3,0.3,50,50,77,95,77,91,45,70,154,'Medium Fast',0),
(564,479,'Heat Rotom','Rotom',5,2,4,'NORMAL','Plasma',0.3,0.3,50,65,107,105,107,86,45,70,182,'Medium Fast',0),
(565,479,'Wash Rotom','Rotom',5,3,4,'NORMAL','Plasma',0.3,0.3,50,65,107,105,107,86,45,70,182,'Medium Fast',0),
(566,479,'Frost Rotom','Rotom',5,6,4,'NORMAL','Plasma',0.3,0.3,50,65,107,105,107,86,45,70,182,'Medium Fast',0),
(567,479,'Fan Rotom','Rotom',5,10,4,'NORMAL','Plasma',0.3,0.3,50,65,107,105,107,86,45,70,182,'Medium Fast',0),
(568,479,'Mow Rotom','Rotom',5,4,4,'NORMAL','Plasma',0.3,0.3,50,65,107,105,107,86,45,70,182,'Medium Fast',0),
(569,480,'Uxie','Selfe',11,NULL,4,'SUB_LEGENDARY','Knowledge',0.3,0.3,75,75,130,75,130,95,3,140,261,'Slow',0),
(570,481,'Mesprit','Vesprit',11,NULL,4,'SUB_LEGENDARY','Emotion',0.3,0.3,80,105,105,105,105,80,3,140,261,'Slow',0),
(571,482,'Azelf','Tobutz',11,NULL,4,'SUB_LEGENDARY','Willpower',0.3,0.3,75,125,70,125,70,115,3,140,261,'Slow',0),
(572,483,'Dialga','Dialga',17,16,4,'LEGENDARY','Temporal',5.4,683,100,120,120,150,100,90,3,0,306,'Slow',0),
(573,484,'Palkia','Palkia',3,16,4,'LEGENDARY','Spatial',4.2,336,90,120,100,150,120,100,3,0,306,'Slow',0),
(574,485,'Heatran','Heatran',2,17,4,'SUB_LEGENDARY','Lava Dome',1.7,430,91,90,106,130,106,77,3,100,270,'Slow',50),
(575,486,'Regigigas','Regigigas',1,NULL,4,'SUB_LEGENDARY','Colossal',3.7,420,110,160,110,80,110,100,3,0,302,'Slow',0),
(576,487,'Giratina Altered Forme','Giratina',14,16,4,'LEGENDARY','Renegade',4.5,750,150,100,120,100,120,90,3,0,306,'Slow',0),
(577,487,'Giratina Origin Forme','Giratina',14,16,4,'LEGENDARY','Renegade',6.9,650,150,120,100,120,100,90,3,0,306,'Slow',0),
(578,488,'Cresselia','Cresselia',11,NULL,4,'SUB_LEGENDARY','Lunar',1.5,85.6,120,70,120,75,130,85,3,100,270,'Slow',0),
(579,489,'Phione','Phione',3,NULL,4,'MYTHICAL','Sea Drifter',0.4,3.1,80,80,80,80,80,80,30,70,216,'Slow',0),
(580,490,'Manaphy','Manaphy',3,NULL,4,'MYTHICAL','Seafaring',0.3,1.4,100,100,100,100,100,100,3,70,270,'Slow',0),
(581,491,'Darkrai','Darkrai',15,NULL,4,'MYTHICAL','Pitch-Black',1.5,50.5,70,90,90,135,90,125,3,0,270,'Slow',0),
(582,492,'Shaymin Land Forme','Shaymin',4,NULL,4,'MYTHICAL','Gratitude',0.2,2.1,100,100,100,100,100,100,45,100,270,'Medium Slow',0),
(583,492,'Shaymin Sky Forme','Shaymin',4,10,4,'MYTHICAL','Gratitude',0.4,5.2,100,103,75,120,75,127,45,100,270,'Medium Slow',0),
(584,493,'Arceus','Arceus',1,NULL,4,'MYTHICAL','Alpha',3.2,320,120,120,120,120,120,120,3,0,324,'Slow',0),
(585,494,'Victini','Victini',11,2,5,'MYTHICAL','Victory',0.4,4,100,100,100,100,100,100,3,100,270,'Slow',0),
(586,495,'Snivy','Serpifeu',4,NULL,5,'NORMAL','Grass Snake',0.6,8.1,45,45,55,45,55,63,45,70,62,'Medium Slow',87.5),
(587,496,'Servine','Efoserp',4,NULL,5,'NORMAL','Grass Snake',0.8,16,60,60,75,60,75,83,45,70,145,'Medium Slow',87.5),
(588,497,'Serperior','Serpiroyal',4,NULL,5,'NORMAL','Regal',3.3,63,75,75,95,75,95,113,45,70,238,'Medium Slow',87.5),
(589,498,'Tepig','Floink',2,NULL,5,'NORMAL','Fire Pig',0.5,9.9,65,63,45,45,45,45,45,70,62,'Medium Slow',87.5),
(590,499,'Pignite','Ferkokel',2,7,5,'NORMAL','Fire Pig',1,55.5,90,93,55,70,55,55,45,70,146,'Medium Slow',87.5),
(591,500,'Emboar','Flambirex',2,7,5,'NORMAL','Mega Fire Pig',1.6,150,110,123,65,100,65,65,45,70,238,'Medium Slow',87.5),
(592,501,'Oshawott','Ottaro',3,NULL,5,'NORMAL','Sea Otter',0.5,5.9,55,55,45,63,45,45,45,70,62,'Medium Slow',87.5),
(593,502,'Dewott','Zwottronin',3,NULL,5,'NORMAL','Discipline',0.8,24.5,75,75,60,83,60,60,45,70,145,'Medium Slow',87.5),
(594,503,'Samurott','Admurai',3,NULL,5,'NORMAL','Formidable',1.5,94.6,95,100,85,108,70,70,45,70,238,'Medium Slow',87.5),
(595,504,'Patrat','Nagelotz',1,NULL,5,'NORMAL','Scout',0.5,11.6,45,55,39,35,39,42,255,70,51,'Medium Fast',50),
(596,505,'Watchog','Kukmarda',1,NULL,5,'NORMAL','Lookout',1.1,27,60,85,69,60,69,77,255,70,147,'Medium Fast',50),
(597,506,'Lillipup','Yorkleff',1,NULL,5,'NORMAL','Puppy',0.4,4.1,45,60,45,25,45,55,255,70,55,'Medium Slow',50),
(598,507,'Herdier','Terribark',1,NULL,5,'NORMAL','Loyal Dog',0.9,14.7,65,80,65,35,65,60,120,70,130,'Medium Slow',50),
(599,508,'Stoutland','Bissbark',1,NULL,5,'NORMAL','Big-Hearted',1.2,61,85,110,90,45,90,80,45,70,225,'Medium Slow',50),
(600,509,'Purrloin','Felilou',15,NULL,5,'NORMAL','Devious',0.4,10.1,41,50,37,50,37,66,255,70,56,'Medium Fast',50),
(601,510,'Liepard','Kleoparda',15,NULL,5,'NORMAL','Cruel',1.1,37.5,64,88,50,88,50,106,90,70,156,'Medium Fast',50),
(602,511,'Pansage','Vegimak',4,NULL,5,'NORMAL','Grass Monkey',0.6,10.5,50,53,48,53,48,64,190,70,63,'Medium Fast',87.5),
(603,512,'Simisage','Vegichita',4,NULL,5,'NORMAL','Thorn Monkey',1.1,30.5,75,98,63,98,63,101,75,70,174,'Medium Fast',87.5),
(604,513,'Pansear','Grillmak',2,NULL,5,'NORMAL','High Temp',0.6,11,50,53,48,53,48,64,190,70,63,'Medium Fast',87.5),
(605,514,'Simisear','Grillchita',2,NULL,5,'NORMAL','Ember',1,28,75,98,63,98,63,101,75,70,174,'Medium Fast',87.5),
(606,515,'Panpour','Sodamak',3,NULL,5,'NORMAL','Spray',0.6,13.5,50,53,48,53,48,64,190,70,63,'Medium Fast',87.5),
(607,516,'Simipour','Sodachita',3,NULL,5,'NORMAL','Geyser',1,29,75,98,63,98,63,101,75,70,174,'Medium Fast',87.5),
(608,517,'Munna','Somniam',11,NULL,5,'NORMAL','Dream Eater',0.6,23.3,76,25,45,67,55,24,190,70,58,'Fast',50),
(609,518,'Musharna','Somnivora',11,NULL,5,'NORMAL','Drowsing',1.1,60.5,116,55,85,107,95,29,75,70,170,'Fast',50),
(610,519,'Pidove','Dusselgurr',1,10,5,'NORMAL','Tiny Pigeon',0.3,2.1,50,55,50,36,30,43,255,70,53,'Medium Slow',50),
(611,520,'Tranquill','Navitaub',1,10,5,'NORMAL','Wild Pigeon',0.6,15,62,77,62,50,42,65,120,70,125,'Medium Slow',50),
(612,521,'Unfezant','Fasasnob',1,10,5,'NORMAL','Proud',1.2,29,80,115,80,65,55,93,45,70,220,'Medium Slow',50),
(613,522,'Blitzle','Elezeba',5,NULL,5,'NORMAL','Electrified',0.8,29.8,45,60,32,50,32,76,190,70,59,'Medium Fast',50),
(614,523,'Zebstrika','Zebritz',5,NULL,5,'NORMAL','Thunderbolt',1.6,79.5,75,100,63,80,63,116,75,70,174,'Medium Fast',50),
(615,524,'Roggenrola','Kiesling',13,NULL,5,'NORMAL','Mantle',0.4,18,55,75,85,25,25,15,255,70,56,'Medium Slow',50),
(616,525,'Boldore','Sedimantur',13,NULL,5,'NORMAL','Ore',0.9,102,70,105,105,50,40,20,120,70,137,'Medium Slow',50),
(617,526,'Gigalith','Brockoloss',13,NULL,5,'NORMAL','Compressed',1.7,260,85,135,130,60,80,25,45,70,232,'Medium Slow',50),
(618,527,'Woobat','Fleknoil',11,10,5,'NORMAL','Bat',0.4,2.1,65,45,43,55,43,72,190,70,65,'Medium Fast',50),
(619,528,'Swoobat','Fletiamo',11,10,5,'NORMAL','Courting',0.9,10.5,67,57,55,77,55,114,45,70,149,'Medium Fast',50),
(620,529,'Drilbur','Rotomurf',9,NULL,5,'NORMAL','Mole',0.3,8.5,60,85,40,30,45,68,120,70,66,'Medium Fast',50),
(621,530,'Excadrill','Stalobor',9,17,5,'NORMAL','Subterrene',0.7,40.4,110,135,60,50,65,88,60,70,178,'Medium Fast',50),
(622,531,'Audino','Ohrdoch',1,NULL,5,'NORMAL','Hearing',1.1,31,103,60,86,60,86,50,255,70,390,'Fast',50),
(623,531,'Mega Audino','Ohrdoch',1,18,5,'NORMAL','Hearing',1.5,32,103,60,126,80,126,50,255,70,425,'Fast',50),
(624,532,'Timburr','Praktibalk',7,NULL,5,'NORMAL','Muscular',0.6,12.5,75,80,55,25,35,35,180,70,61,'Medium Slow',75),
(625,533,'Gurdurr','Strepoli',7,NULL,5,'NORMAL','Muscular',1.2,40,85,105,85,40,50,40,90,70,142,'Medium Slow',75),
(626,534,'Conkeldurr','Meistagrif',7,NULL,5,'NORMAL','Muscular',1.4,87,105,140,95,55,65,45,45,70,227,'Medium Slow',75),
(627,535,'Tympole','Schallquap',3,NULL,5,'NORMAL','Tadpole',0.5,4.5,50,50,40,50,40,64,255,70,59,'Medium Slow',50),
(628,536,'Palpitoad','Mebrana',3,9,5,'NORMAL','Vibration',0.8,17,75,65,55,65,55,69,120,70,134,'Medium Slow',50),
(629,537,'Seismitoad','Branawarz',3,9,5,'NORMAL','Vibration',1.5,62,105,95,75,85,75,74,45,70,229,'Medium Slow',50),
(630,538,'Throh','Jiutesto',7,NULL,5,'NORMAL','Judo',1.3,55.5,120,100,85,30,85,45,45,70,163,'Medium Fast',100),
(631,539,'Sawk','Karadonis',7,NULL,5,'NORMAL','Karate',1.4,51,75,125,75,30,75,85,45,70,163,'Medium Fast',100),
(632,540,'Sewaddle','Strawickl',12,4,5,'NORMAL','Sewing',0.3,2.5,45,53,70,40,60,42,255,70,62,'Medium Slow',50),
(633,541,'Swadloon','Folikon',12,4,5,'NORMAL','Leaf-Wrapped',0.5,7.3,55,63,90,50,80,42,120,70,133,'Medium Slow',50),
(634,542,'Leavanny','Matrifol',12,4,5,'NORMAL','Nurturing',1.2,20.5,75,103,80,70,80,92,45,70,225,'Medium Slow',50),
(635,543,'Venipede','Toxiped',12,8,5,'NORMAL','Centipede',0.4,5.3,30,45,59,30,39,57,255,70,52,'Medium Slow',50),
(636,544,'Whirlipede','Rollum',12,8,5,'NORMAL','Curlipede',1.2,58.5,40,55,99,40,79,47,120,70,126,'Medium Slow',50),
(637,545,'Scolipede','Cerapendra',12,8,5,'NORMAL','Megapede',2.5,200.5,60,100,89,55,69,112,45,70,218,'Medium Slow',50),
(638,546,'Cottonee','Waumboll',4,18,5,'NORMAL','Cotton Puff',0.3,0.6,40,27,60,37,50,66,190,70,56,'Medium Fast',50),
(639,547,'Whimsicott','Elfun',4,18,5,'NORMAL','Windveiled',0.7,6.6,60,67,85,77,75,116,75,70,168,'Medium Fast',50),
(640,548,'Petilil','Lilminip',4,NULL,5,'NORMAL','Bulb',0.5,6.6,45,35,50,70,50,30,190,70,56,'Medium Fast',0),
(641,549,'Lilligant','Dressella',4,NULL,5,'NORMAL','Flowering',1.1,16.3,70,60,75,110,75,90,75,70,168,'Medium Fast',0),
(642,550,'Basculin Red-Striped Form','Barschuft',3,NULL,5,'NORMAL','Hostile',1,18,70,92,65,80,55,98,25,70,161,'Medium Fast',50),
(643,550,'Basculin Blue-Striped Form','Barschuft',3,NULL,5,'NORMAL','Hostile',1,18,70,92,65,80,55,98,25,70,161,'Medium Fast',50),
(644,551,'Sandile','Ganovil',9,15,5,'NORMAL','Desert Croc',0.7,15.2,50,72,35,35,35,65,180,70,58,'Medium Slow',50),
(645,552,'Krokorok','Rokkaiman',9,15,5,'NORMAL','Desert Croc',1,33.4,60,82,45,45,45,74,90,70,123,'Medium Slow',50),
(646,553,'Krookodile','Rabigator',9,15,5,'NORMAL','Intimidation',1.5,96.3,95,117,80,65,70,92,45,70,234,'Medium Slow',50),
(647,554,'Darumaka','Flampion',2,NULL,5,'NORMAL','Zen Charm',0.6,37.5,70,90,45,15,45,50,120,70,63,'Medium Slow',50),
(648,554,'Galarian Darumaka','Flampion',6,NULL,5,'NORMAL','Zen Charm',0.7,40,70,90,45,15,45,50,0,0,0,'Medium Slow',0),
(649,555,'Darmanitan Standard Mode','Flampivian',2,NULL,5,'NORMAL','Blazing',1.3,92.9,105,140,55,30,55,95,60,70,168,'Medium Slow',50),
(650,555,'Darmanitan Zen Mode','Flampivian',2,11,5,'NORMAL','Blazing',1.3,92.9,105,30,105,140,105,55,60,70,189,'Medium Slow',50),
(651,555,'Darmanitan Galarian Standard Mode','Flampivian',6,NULL,5,'NORMAL','Zen Charm',1.7,120,105,140,55,30,55,95,0,0,0,'Medium Slow',0),
(652,555,'Darmanitan Galarian Zen Mode','Flampivian',6,2,5,'NORMAL','Zen Charm',1.7,120,105,160,55,30,55,135,0,0,0,'',0),
(653,556,'Maractus','Maracamba',4,NULL,5,'NORMAL','Cactus',1,28,75,86,67,106,67,60,255,70,161,'Medium Fast',50),
(654,557,'Dwebble','Lithomith',12,13,5,'NORMAL','Rock Inn',0.3,14.5,50,65,85,35,35,55,190,70,65,'Medium Fast',50),
(655,558,'Crustle','Castellith',12,13,5,'NORMAL','Stone Home',1.4,200,70,105,125,65,75,45,75,70,170,'Medium Fast',50),
(656,559,'Scraggy','Zurrokex',15,7,5,'NORMAL','Shedding',0.6,11.8,50,75,70,35,70,48,180,35,70,'Medium Fast',50),
(657,560,'Scrafty','Irokex',15,7,5,'NORMAL','Hoodlum',1.1,30,65,90,115,45,115,58,90,70,171,'Medium Fast',50),
(658,561,'Sigilyph','Symvolara',11,10,5,'NORMAL','Avianoid',1.4,14,72,58,80,103,80,97,45,70,172,'Medium Fast',50),
(659,562,'Yamask','Makabaja',14,NULL,5,'NORMAL','Spirit',0.5,1.5,38,30,85,55,65,30,190,70,61,'Medium Fast',50),
(660,562,'Galarian Yamask','Makabaja',9,14,5,'NORMAL','Spirit',0.5,1.5,38,55,85,30,65,30,0,0,0,'Medium Fast',0),
(661,563,'Cofagrigus','Echnatoll',14,NULL,5,'NORMAL','Coffin',1.7,76.5,58,50,145,95,105,30,90,70,169,'Medium Fast',50),
(662,564,'Tirtouga','Galapaflos',3,13,5,'NORMAL','Prototurtle',0.7,16.5,54,78,103,53,45,22,45,70,71,'Medium Fast',87.5),
(663,565,'Carracosta','Karippas',3,13,5,'NORMAL','Prototurtle',1.2,81,74,108,133,83,65,32,45,70,173,'Medium Fast',87.5),
(664,566,'Archen','Flapteryx',13,10,5,'NORMAL','First Bird',0.5,9.5,55,112,45,74,45,70,45,70,71,'Medium Fast',87.5),
(665,567,'Archeops','Aeropteryx',13,10,5,'NORMAL','First Bird',1.4,32,75,140,65,112,65,110,45,70,177,'Medium Fast',87.5),
(666,568,'Trubbish','Unratütox',8,NULL,5,'NORMAL','Trash Bag',0.6,31,50,50,62,40,62,65,190,70,66,'Medium Fast',50),
(667,569,'Garbodor','Deponitox',8,NULL,5,'NORMAL','Trash Heap',1.9,107.3,80,95,82,60,82,75,60,70,166,'Medium Fast',50),
(668,570,'Zorua','Zorua',15,NULL,5,'NORMAL','Tricky Fox',0.7,12.5,40,65,40,80,40,65,75,70,66,'Medium Slow',87.5),
(669,571,'Zoroark','Zoroark',15,NULL,5,'NORMAL','Illusion Fox',1.6,81.1,60,105,60,120,60,105,45,70,179,'Medium Slow',87.5),
(670,572,'Minccino','Picochilla',1,NULL,5,'NORMAL','Chinchilla',0.4,5.8,55,50,40,40,40,75,255,70,60,'Fast',25),
(671,573,'Cinccino','Chillabell',1,NULL,5,'NORMAL','Scarf',0.5,7.5,75,95,60,65,60,115,60,70,165,'Fast',25),
(672,574,'Gothita','Mollimorba',11,NULL,5,'NORMAL','Fixation',0.4,5.8,45,30,50,55,65,45,200,70,58,'Medium Slow',25),
(673,575,'Gothorita','Hypnomorba',11,NULL,5,'NORMAL','Manipulate',0.7,18,60,45,70,75,85,55,100,70,137,'Medium Slow',25),
(674,576,'Gothitelle','Morbitesse',11,NULL,5,'NORMAL','Astral Body',1.5,44,70,55,95,95,110,65,50,70,221,'Medium Slow',25),
(675,577,'Solosis','Monozyto',11,NULL,5,'NORMAL','Cell',0.3,1,45,30,40,105,50,20,200,70,58,'Medium Slow',50),
(676,578,'Duosion','Mitodos',11,NULL,5,'NORMAL','Mitosis',0.6,8,65,40,50,125,60,30,100,70,130,'Medium Slow',50),
(677,579,'Reuniclus','Zytomega',11,NULL,5,'NORMAL','Multiplying',1,20.1,110,65,75,125,85,30,50,70,221,'Medium Slow',50),
(678,580,'Ducklett','Piccolente',3,10,5,'NORMAL','Water Bird',0.5,5.5,62,44,50,44,50,55,190,70,61,'Medium Fast',50),
(679,581,'Swanna','Swaroness',3,10,5,'NORMAL','White Bird',1.3,24.2,75,87,63,87,63,98,45,70,166,'Medium Fast',50),
(680,582,'Vanillite','Gelatini',6,NULL,5,'NORMAL','Fresh Snow',0.4,5.7,36,50,50,65,60,44,255,70,61,'Slow',50),
(681,583,'Vanillish','Gelatroppo',6,NULL,5,'NORMAL','Icy Snow',1.1,41,51,65,65,80,75,59,120,70,138,'Slow',50),
(682,584,'Vanilluxe','Gelatwino',6,NULL,5,'NORMAL','Snowstorm',1.3,57.5,71,95,85,110,95,79,45,70,241,'Slow',50),
(683,585,'Deerling','Sesokitz',1,4,5,'NORMAL','Season',0.6,19.5,60,60,50,40,50,75,190,70,67,'Medium Fast',50),
(684,586,'Sawsbuck','Kronjuwild',1,4,5,'NORMAL','Season',1.9,92.5,80,100,70,60,70,95,75,70,166,'Medium Fast',50),
(685,587,'Emolga','Emolga',5,10,5,'NORMAL','Sky Squirrel',0.4,5,55,75,60,75,60,103,200,70,150,'Medium Fast',50),
(686,588,'Karrablast','Laukaps',12,NULL,5,'NORMAL','Clamping',0.5,5.9,50,75,45,40,45,60,200,70,63,'Medium Fast',50),
(687,589,'Escavalier','Cavalanzas',12,17,5,'NORMAL','Cavalry',1,33,70,135,105,60,105,20,75,70,173,'Medium Fast',50),
(688,590,'Foongus','Tarnpignon',4,8,5,'NORMAL','Mushroom',0.2,1,69,55,45,55,55,15,190,70,59,'Medium Fast',50),
(689,591,'Amoonguss','Hutsassa',4,8,5,'NORMAL','Mushroom',0.6,10.5,114,85,70,85,80,30,75,70,162,'Medium Fast',50),
(690,592,'Frillish','Quabbel',3,14,5,'NORMAL','Floating',1.2,33,55,40,50,65,85,40,190,70,67,'Medium Fast',50),
(691,593,'Jellicent','Apoquallyp',3,14,5,'NORMAL','Floating',2.2,135,100,60,70,85,105,60,60,70,168,'Medium Fast',50),
(692,594,'Alomomola','Mamolida',3,NULL,5,'NORMAL','Caring',1.2,31.6,165,75,80,40,45,65,75,70,165,'Fast',50),
(693,595,'Joltik','Wattzapf',12,5,5,'NORMAL','Attaching',0.1,0.6,50,47,50,57,50,65,190,70,64,'Medium Fast',50),
(694,596,'Galvantula','Voltula',12,5,5,'NORMAL','EleSpider',0.8,14.3,70,77,60,97,60,108,75,70,165,'Medium Fast',50),
(695,597,'Ferroseed','Kastadur',4,17,5,'NORMAL','Thorn Seed',0.6,18.8,44,50,91,24,86,10,255,70,61,'Medium Fast',50),
(696,598,'Ferrothorn','Tentantel',4,17,5,'NORMAL','Thorn Pod',1,110,74,94,131,54,116,20,90,70,171,'Medium Fast',50),
(697,599,'Klink','Klikk',17,NULL,5,'NORMAL','Gear',0.3,21,40,55,70,45,60,30,130,70,60,'Medium Slow',0),
(698,600,'Klang','Kliklak',17,NULL,5,'NORMAL','Gear',0.6,51,60,80,95,70,85,50,60,70,154,'Medium Slow',0),
(699,601,'Klinklang','Klikdiklak',17,NULL,5,'NORMAL','Gear',0.6,81,60,100,115,70,85,90,30,70,234,'Medium Slow',0),
(700,602,'Tynamo','Zapplardin',5,NULL,5,'NORMAL','EleFish',0.2,0.3,35,55,40,45,40,60,190,70,55,'Slow',50),
(701,603,'Eelektrik','Zapplalek',5,NULL,5,'NORMAL','EleFish',1.2,22,65,85,70,75,70,40,60,70,142,'Slow',50),
(702,604,'Eelektross','Zapplarang',5,NULL,5,'NORMAL','EleFish',2.1,80.5,85,115,80,105,80,50,30,70,232,'Slow',50),
(703,605,'Elgyem','Pygraulon',11,NULL,5,'NORMAL','Cerebral',0.5,9,55,55,55,85,55,30,255,70,67,'Medium Fast',50),
(704,606,'Beheeyem','Megalon',11,NULL,5,'NORMAL','Cerebral',1,34.5,75,75,75,125,95,40,90,70,170,'Medium Fast',50),
(705,607,'Litwick','Lichtel',14,2,5,'NORMAL','Candle',0.3,3.1,50,30,55,65,55,20,190,70,55,'Medium Slow',50),
(706,608,'Lampent','Laternecto',14,2,5,'NORMAL','Lamp',0.6,13,60,40,60,95,60,55,90,70,130,'Medium Slow',50),
(707,609,'Chandelure','Skelabra',14,2,5,'NORMAL','Luring',1,34.3,60,55,90,145,90,80,45,70,234,'Medium Slow',50),
(708,610,'Axew','Milza',16,NULL,5,'NORMAL','Tusk',0.6,18,46,87,60,30,40,57,75,35,64,'Slow',50),
(709,611,'Fraxure','Sharfax',16,NULL,5,'NORMAL','Axe Jaw',1,36,66,117,70,40,50,67,60,35,144,'Slow',50),
(710,612,'Haxorus','Maxax',16,NULL,5,'NORMAL','Axe Jaw',1.8,105.5,76,147,90,60,70,97,45,35,243,'Slow',50),
(711,613,'Cubchoo','Petznief',6,NULL,5,'NORMAL','Chill',0.5,8.5,55,70,40,60,40,40,120,70,61,'Medium Fast',50),
(712,614,'Beartic','Siberio',6,NULL,5,'NORMAL','Freezing',2.6,260,95,130,80,70,80,50,60,70,177,'Medium Fast',50),
(713,615,'Cryogonal','Frigometri',6,NULL,5,'NORMAL','Crystallizing',1.1,148,80,50,50,95,135,105,25,70,180,'Medium Fast',0),
(714,616,'Shelmet','Schnuthelm',12,NULL,5,'NORMAL','Snail',0.4,7.7,50,40,85,40,65,25,200,70,61,'Medium Fast',50),
(715,617,'Accelgor','Hydragil',12,NULL,5,'NORMAL','Shell Out',0.8,25.3,80,70,40,100,60,145,75,70,173,'Medium Fast',50),
(716,618,'Stunfisk','Flunschlik',9,5,5,'NORMAL','Trap',0.7,11,109,66,84,81,99,32,75,70,165,'Medium Fast',50),
(717,618,'Galarian Stunfisk','Flunschlik',9,17,5,'NORMAL','Trap',0.7,20.5,109,81,99,66,84,32,0,0,0,'Medium Fast',0),
(718,619,'Mienfoo','Lin-Fu',7,NULL,5,'NORMAL','Martial Arts',0.9,20,45,85,50,55,50,65,180,70,70,'Medium Slow',50),
(719,620,'Mienshao','Wie-Shu',7,NULL,5,'NORMAL','Martial Arts',1.4,35.5,65,125,60,95,60,105,45,70,179,'Medium Slow',50),
(720,621,'Druddigon','Shardrago',16,NULL,5,'NORMAL','Cave',1.6,139,77,120,90,60,90,48,45,70,170,'Medium Fast',50),
(721,622,'Golett','Golbit',9,14,5,'NORMAL','Automaton',1,92,59,74,50,35,50,35,190,70,61,'Medium Fast',0),
(722,623,'Golurk','Golgantes',9,14,5,'NORMAL','Automaton',2.8,330,89,124,80,55,80,55,90,70,169,'Medium Fast',0),
(723,624,'Pawniard','Gladiantri',15,17,5,'NORMAL','Sharp Blade',0.5,10.2,45,85,70,40,40,60,120,35,68,'Medium Fast',50),
(724,625,'Bisharp','Caesurio',15,17,5,'NORMAL','Sword Blade',1.6,70,65,125,100,60,70,70,45,35,172,'Medium Fast',50),
(725,626,'Bouffalant','Bisofank',1,NULL,5,'NORMAL','Bash Buffalo',1.6,94.6,95,110,95,40,95,55,45,70,172,'Medium Fast',50),
(726,627,'Rufflet','Geronimatz',1,10,5,'NORMAL','Eaglet',0.5,10.5,70,83,50,37,50,60,190,70,70,'Slow',100),
(727,628,'Braviary','Washakwil',1,10,5,'NORMAL','Valiant',1.5,41,100,123,75,57,75,80,60,70,179,'Slow',100),
(728,629,'Vullaby','Skallyk',15,10,5,'NORMAL','Diapered',0.5,9,70,55,75,45,65,60,190,35,74,'Slow',0),
(729,630,'Mandibuzz','Grypheldis',15,10,5,'NORMAL','Bone Vulture',1.2,39.5,110,65,105,55,95,80,60,35,179,'Slow',0),
(730,631,'Heatmor','Furnifraß',2,NULL,5,'NORMAL','Anteater',1.4,58,85,97,66,105,66,65,90,70,169,'Medium Fast',50),
(731,632,'Durant','Fermicula',12,17,5,'NORMAL','Iron Ant',0.3,33,58,109,112,48,48,109,90,70,169,'Medium Fast',50),
(732,633,'Deino','Kapuno',15,16,5,'NORMAL','Irate',0.8,17.3,52,65,50,45,50,38,45,35,60,'Slow',50),
(733,634,'Zweilous','Duodino',15,16,5,'NORMAL','Hostile',1.4,50,72,85,70,65,70,58,45,35,147,'Slow',50),
(734,635,'Hydreigon','Trikephalo',15,16,5,'NORMAL','Brutal',1.8,160,92,105,90,125,90,98,45,35,270,'Slow',50),
(735,636,'Larvesta','Ignivor',12,2,5,'NORMAL','Torch',1.1,28.8,55,85,55,50,55,60,45,70,72,'Slow',50),
(736,637,'Volcarona','Ramoth',12,2,5,'NORMAL','Sun',1.6,46,85,60,65,135,105,100,15,70,248,'Slow',50),
(737,638,'Cobalion','Kobalium',17,7,5,'SUB_LEGENDARY','Iron Will',2.1,250,91,90,129,90,72,108,3,35,261,'Slow',0),
(738,639,'Terrakion','Terrakium',13,7,5,'SUB_LEGENDARY','Cavern',1.9,260,91,129,90,72,90,108,3,35,261,'Slow',0),
(739,640,'Virizion','Viridium',4,7,5,'SUB_LEGENDARY','Grassland',2,200,91,90,72,90,129,108,3,35,261,'Slow',0),
(740,641,'Tornadus Incarnate Forme','Boreos',10,NULL,5,'SUB_LEGENDARY','Cyclone',1.5,63,79,115,70,125,80,111,3,90,261,'Slow',100),
(741,641,'Tornadus Therian Forme','Boreos',10,NULL,5,'SUB_LEGENDARY','Cyclone',1.4,63,79,100,80,110,90,121,3,90,261,'Slow',100),
(742,642,'Thundurus Incarnate Forme','Voltolos',5,10,5,'SUB_LEGENDARY','Bolt Strike',1.5,61,79,115,70,125,80,111,3,90,261,'Slow',100),
(743,642,'Thundurus Therian Forme','Voltolos',5,10,5,'SUB_LEGENDARY','Bolt Strike',3,61,79,105,70,145,80,101,3,90,261,'Slow',100),
(744,643,'Reshiram','Reshiram',16,2,5,'LEGENDARY','Vast White',3.2,330,100,120,100,150,120,90,3,0,306,'Slow',0),
(745,644,'Zekrom','Zekrom',16,5,5,'LEGENDARY','Deep Black',2.9,345,100,150,120,120,100,90,3,0,306,'Slow',0),
(746,645,'Landorus Incarnate Forme','Demeteros',9,10,5,'SUB_LEGENDARY','Abundance',1.5,68,89,125,90,115,80,101,3,90,270,'Slow',100),
(747,645,'Landorus Therian Forme','Demeteros',9,10,5,'SUB_LEGENDARY','Abundance',1.3,68,89,145,90,105,80,91,3,90,270,'Slow',100),
(748,646,'Kyurem','Kyurem',16,6,5,'LEGENDARY','Boundary',3,325,125,130,90,130,90,95,3,0,297,'Slow',0),
(749,646,'Black Kyurem','Kyurem',16,6,5,'LEGENDARY','Boundary',3.3,325,125,170,100,120,90,95,3,0,315,'Slow',0),
(750,646,'White Kyurem','Kyurem',16,6,5,'LEGENDARY','Boundary',3.6,325,125,120,90,170,100,95,3,0,315,'Slow',0),
(751,647,'Keldeo Ordinary Forme','Keldeo',3,7,5,'MYTHICAL','Colt',1.4,48.5,91,72,90,129,90,108,3,35,261,'Slow',0),
(752,647,'Keldeo Resolute Forme','Keldeo',3,7,5,'MYTHICAL','Colt',1.4,48.5,91,72,90,129,90,108,3,35,261,'Slow',0),
(753,648,'Meloetta Aria Forme','Meloetta',1,11,5,'MYTHICAL','Melody',0.6,6.5,100,77,77,128,128,90,3,100,270,'Slow',0),
(754,648,'Meloetta Pirouette Forme','Meloetta',1,7,5,'MYTHICAL','Melody',0.6,6.5,100,128,90,77,77,128,3,100,270,'Slow',0),
(755,649,'Genesect','Genesect',12,17,5,'MYTHICAL','Paleozoic',1.5,82.5,71,120,95,120,95,99,3,0,270,'Slow',0),
(756,650,'Chespin','Igamaro',4,NULL,6,'NORMAL','Spiny Nut',0.4,9,56,61,65,48,45,38,45,70,63,'Medium Slow',87.5),
(757,651,'Quilladin','Igastarnish',4,NULL,6,'NORMAL','Spiny Armor',0.7,29,61,78,95,56,58,57,45,70,142,'Medium Slow',87.5),
(758,652,'Chesnaught','Brigaron',4,7,6,'NORMAL','Spiny Armor',1.6,90,88,107,122,74,75,64,45,70,239,'Medium Slow',87.5),
(759,653,'Fennekin','Fynx',2,NULL,6,'NORMAL','Fox',0.4,9.4,40,45,40,62,60,60,45,70,61,'Medium Slow',87.5),
(760,654,'Braixen','Rutena',2,NULL,6,'NORMAL','Fox',1,14.5,59,59,58,90,70,73,45,70,143,'Medium Slow',87.5),
(761,655,'Delphox','Fennexis',2,11,6,'NORMAL','Fox',1.5,39,75,69,72,114,100,104,45,70,240,'Medium Slow',87.5),
(762,656,'Froakie','Froxy',3,NULL,6,'NORMAL','Bubble Frog',0.3,7,41,56,40,62,44,71,45,70,63,'Medium Slow',87.5),
(763,657,'Frogadier','Amphizel',3,NULL,6,'NORMAL','Bubble Frog',0.6,10.9,54,63,52,83,56,97,45,70,142,'Medium Slow',87.5),
(764,658,'Greninja','Quajutsu',3,15,6,'NORMAL','Ninja',1.5,40,72,95,67,103,71,122,45,70,239,'Medium Slow',87.5),
(765,658,'Ash-Greninja','Quajutsu',3,15,6,'NORMAL','Ninja',1.5,40,72,145,67,153,71,132,45,70,288,'Medium Slow',100),
(766,659,'Bunnelby','Scoppel',1,NULL,6,'NORMAL','Digging',0.4,5,38,36,38,32,36,57,255,70,47,'Medium Fast',50),
(767,660,'Diggersby','Grebbit',1,9,6,'NORMAL','Digging',1,42.4,85,56,77,50,77,78,127,70,148,'Medium Fast',50),
(768,661,'Fletchling','Dartiri',1,10,6,'NORMAL','Tiny Robin',0.3,1.7,45,50,43,40,38,62,255,70,56,'Medium Slow',50),
(769,662,'Fletchinder','Dartignis',2,10,6,'NORMAL','Ember',0.7,16,62,73,55,56,52,84,120,70,134,'Medium Slow',50),
(770,663,'Talonflame','Fiaro',2,10,6,'NORMAL','Scorching',1.2,24.5,78,81,71,74,69,126,45,70,175,'Medium Slow',50),
(771,664,'Scatterbug','Purmel',12,NULL,6,'NORMAL','Scatterdust',0.3,2.5,38,35,40,27,25,35,255,70,40,'Medium Fast',50),
(772,665,'Spewpa','Puponcho',12,NULL,6,'NORMAL','Scatterdust',0.3,8.4,45,22,60,27,30,29,120,70,75,'Medium Fast',50),
(773,666,'Vivillon','Vivillon',12,10,6,'NORMAL','Scale',1.2,17,80,52,50,90,50,89,45,70,185,'Medium Fast',50),
(774,667,'Litleo','Leufeo',2,1,6,'NORMAL','Lion Cub',0.6,13.5,62,50,58,73,54,72,220,70,74,'Medium Slow',25),
(775,668,'Pyroar','Pyroleo',2,1,6,'NORMAL','Royal',1.5,81.5,86,68,72,109,66,106,65,70,177,'Medium Slow',25),
(776,669,'Flabébé','Flabébé',18,NULL,6,'NORMAL','Single Bloom',0.1,0.1,44,38,39,61,79,42,225,70,61,'Medium Fast',0),
(777,670,'Floette','Floette',18,NULL,6,'NORMAL','Single Bloom',0.2,0.9,54,45,47,75,98,52,120,70,130,'Medium Fast',0),
(778,671,'Florges','Florges',18,NULL,6,'NORMAL','Garden',1.1,10,78,65,68,112,154,75,45,70,248,'Medium Fast',0),
(779,672,'Skiddo','Mähikel',4,NULL,6,'NORMAL','Mount',0.9,31,66,65,48,62,57,52,200,70,70,'Medium Fast',50),
(780,673,'Gogoat','Chevrumm',4,NULL,6,'NORMAL','Mount',1.7,91,123,100,62,97,81,68,45,70,186,'Medium Fast',50),
(781,674,'Pancham','Pam-Pam',7,NULL,6,'NORMAL','Playful',0.6,8,67,82,62,46,48,43,220,70,70,'Medium Fast',50),
(782,675,'Pangoro','Pandagro',7,15,6,'NORMAL','Daunting',2.1,136,95,124,78,69,71,58,65,70,173,'Medium Fast',50),
(783,676,'Furfrou','Coiffwaff',1,NULL,6,'NORMAL','Poodle',1.2,28,75,80,60,65,90,102,160,70,165,'Medium Fast',50),
(784,677,'Espurr','Psiau',11,NULL,6,'NORMAL','Restraint',0.3,3.5,62,48,54,63,60,68,190,70,71,'Medium Fast',50),
(785,678,'Meowstic Male','Psiaugon',11,NULL,6,'NORMAL','Constraint',0.6,8.5,74,48,76,83,81,104,75,70,163,'Medium Fast',50),
(786,678,'Meowstic Female','Psiaugon',11,NULL,6,'NORMAL','Constraint',0.6,8.5,74,48,76,83,81,104,75,70,163,'Medium Fast',50),
(787,679,'Honedge','Gramokles',17,14,6,'NORMAL','Sword',0.8,2,45,80,100,35,37,28,180,70,65,'Medium Fast',50),
(788,680,'Doublade','Duokles',17,14,6,'NORMAL','Sword',0.8,4.5,59,110,150,45,49,35,90,70,157,'Medium Fast',50),
(789,681,'Aegislash Blade Forme','Durengard',17,14,6,'NORMAL','Royal Sword',1.7,53,60,150,50,150,50,60,45,70,234,'Medium Fast',50),
(790,681,'Aegislash Shield Forme','Durengard',17,14,6,'NORMAL','Royal Sword',1.7,53,60,50,150,50,150,60,45,70,234,'Medium Fast',50),
(791,682,'Spritzee','Parfi',18,NULL,6,'NORMAL','Perfume',0.2,0.5,78,52,60,63,65,23,200,70,68,'Medium Fast',50),
(792,683,'Aromatisse','Parfinesse',18,NULL,6,'NORMAL','Fragrance',0.8,15.5,101,72,72,99,89,29,140,70,162,'Medium Fast',50),
(793,684,'Swirlix','Flauschling',18,NULL,6,'NORMAL','Cotton Candy',0.4,3.5,62,48,66,59,57,49,200,70,68,'Medium Fast',50),
(794,685,'Slurpuff','Sabbaione',18,NULL,6,'NORMAL','Meringue',0.8,5,82,80,86,85,75,72,140,70,168,'Medium Fast',50),
(795,686,'Inkay','Iscalar',15,11,6,'NORMAL','Revolving',0.4,3.5,53,54,53,37,46,45,190,70,58,'Medium Fast',50),
(796,687,'Malamar','Calamanero',15,11,6,'NORMAL','Overturning',1.5,47,86,92,88,68,75,73,80,70,169,'Medium Fast',50),
(797,688,'Binacle','Bithora',13,3,6,'NORMAL','Two-Handed',0.5,31,42,52,67,39,56,50,120,70,61,'Medium Fast',50),
(798,689,'Barbaracle','Thanathora',13,3,6,'NORMAL','Collective',1.3,96,72,105,115,54,86,68,45,70,175,'Medium Fast',50),
(799,690,'Skrelp','Algitt',8,3,6,'NORMAL','Mock Kelp',0.5,7.3,50,60,60,60,60,30,225,70,64,'Medium Fast',50),
(800,691,'Dragalge','Tandrak',8,16,6,'NORMAL','Mock Kelp',1.8,81.5,65,75,90,97,123,44,55,70,173,'Medium Fast',50),
(801,692,'Clauncher','Scampisto',3,NULL,6,'NORMAL','Water Gun',0.5,8.3,50,53,62,58,63,44,225,70,66,'Slow',50),
(802,693,'Clawitzer','Wummer',3,NULL,6,'NORMAL','Howitzer',1.3,35.3,71,73,88,120,89,59,55,70,100,'Slow',50),
(803,694,'Helioptile','Eguana',5,1,6,'NORMAL','Generator',0.5,6,44,38,33,61,43,70,190,70,58,'Medium Fast',50),
(804,695,'Heliolisk','Elezard',5,1,6,'NORMAL','Generator',1,21,62,55,52,109,94,109,75,70,168,'Medium Fast',50),
(805,696,'Tyrunt','Balgoras',13,16,6,'NORMAL','Royal Heir',0.8,26,58,89,77,45,45,48,45,70,72,'Medium Fast',87.5),
(806,697,'Tyrantrum','Monargoras',13,16,6,'NORMAL','Despot',2.5,270,82,121,119,69,59,71,45,70,182,'Medium Fast',87.5),
(807,698,'Amaura','Amarino',13,6,6,'NORMAL','Tundra',1.3,25.2,77,59,50,67,63,46,45,70,72,'Medium Fast',87.5),
(808,699,'Aurorus','Amagarga',13,6,6,'NORMAL','Tundra',2.7,225,123,77,72,99,92,58,45,70,104,'Medium Fast',87.5),
(809,700,'Sylveon','Feelinara',18,NULL,6,'NORMAL','Intertwining',1,23.5,95,65,65,110,130,60,45,70,184,'Medium Fast',87.5),
(810,701,'Hawlucha','Resladero',7,10,6,'NORMAL','Wrestling',0.8,21.5,78,92,75,74,63,118,100,70,175,'Medium Fast',50),
(811,702,'Dedenne','Dedenne',5,18,6,'NORMAL','Antenna',0.2,2.2,67,58,57,81,67,101,180,70,151,'Medium Fast',50),
(812,703,'Carbink','Rocara',13,18,6,'NORMAL','Jewel',0.3,5.7,50,50,150,50,150,50,60,70,100,'Slow',0),
(813,704,'Goomy','Viscora',16,NULL,6,'NORMAL','Soft Tissue',0.3,2.8,45,50,35,55,75,40,45,35,60,'Slow',50),
(814,705,'Sliggoo','Viscargot',16,NULL,6,'NORMAL','Soft Tissue',0.8,17.5,68,75,53,83,113,60,45,35,158,'Slow',50),
(815,706,'Goodra','Viscogon',16,NULL,6,'NORMAL','Dragon',2,150.5,90,100,70,110,150,80,45,35,270,'Slow',50),
(816,707,'Klefki','Clavion',17,18,6,'NORMAL','Key Ring',0.2,3,57,80,91,80,87,75,75,70,165,'Fast',50),
(817,708,'Phantump','Paragoni',14,4,6,'NORMAL','Stump',0.4,7,43,70,48,50,60,38,120,70,62,'Medium Fast',50),
(818,709,'Trevenant','Trombork',14,4,6,'NORMAL','Elder Tree',1.5,71,85,110,76,65,82,56,60,70,166,'Medium Fast',50),
(819,710,'Pumpkaboo Average Size','Irrbis',14,4,6,'NORMAL','Pumpkin',0.4,5,49,66,70,44,55,51,120,70,67,'Medium Fast',50),
(820,710,'Pumpkaboo Small Size','Irrbis',14,4,6,'NORMAL','Pumpkin',0.3,3.5,44,66,70,44,55,56,120,70,67,'Medium Fast',50),
(821,710,'Pumpkaboo Large Size','Irrbis',14,4,6,'NORMAL','Pumpkin',0.5,7.5,54,66,70,44,55,46,120,70,67,'Medium Fast',50),
(822,710,'Pumpkaboo Super Size','Irrbis',14,4,6,'NORMAL','Pumpkin',0.8,15,59,66,70,44,55,41,120,70,67,'Medium Fast',50),
(823,711,'Gourgeist Average Size','Pumpdjinn',14,4,6,'NORMAL','Pumpkin',0.9,12.5,65,90,122,58,75,84,60,70,173,'Medium Fast',50),
(824,711,'Gourgeist Small Size','Pumpdjinn',14,4,6,'NORMAL','Pumpkin',0.7,9.5,55,85,122,58,75,99,60,70,173,'Medium Fast',50),
(825,711,'Gourgeist Large Size','Pumpdjinn',14,4,6,'NORMAL','Pumpkin',1.1,14,75,95,122,58,75,69,60,70,173,'Medium Fast',50),
(826,711,'Gourgeist Super Size','Pumpdjinn',14,4,6,'NORMAL','Pumpkin',1.7,39,85,100,122,58,75,54,60,70,173,'Medium Fast',50),
(827,712,'Bergmite','Arktip',6,NULL,6,'NORMAL','Ice Chunk',1,99.5,55,69,85,32,35,28,190,70,61,'Medium Fast',50),
(828,713,'Avalugg','Arktilas',6,NULL,6,'NORMAL','Iceberg',2,505,95,117,184,44,46,28,55,70,180,'Medium Fast',50),
(829,714,'Noibat','eF-eM',10,16,6,'NORMAL','Sound Wave',0.5,8,40,30,35,45,40,55,190,70,49,'Medium Fast',50),
(830,715,'Noivern','UHaFnir',10,16,6,'NORMAL','Sound Wave',1.5,85,85,70,80,97,80,123,45,70,187,'Medium Fast',50),
(831,716,'Xerneas','Xerneas',18,NULL,6,'LEGENDARY','Life',3,215,126,131,95,131,98,99,45,0,306,'Slow',0),
(832,717,'Yveltal','Yveltal',15,10,6,'LEGENDARY','Destruction',5.8,203,126,131,95,131,98,99,45,0,306,'Slow',0),
(833,718,'Zygarde 50% Forme','Zygarde',16,9,6,'LEGENDARY','Order',5,305,108,100,121,81,95,95,3,0,270,'Slow',0),
(834,718,'Zygarde 10% Forme','Zygarde',16,9,6,'LEGENDARY','Order',1.2,33.5,54,100,71,61,85,115,3,0,219,'Slow',0),
(835,718,'Zygarde Complete Forme','Zygarde',16,9,6,'LEGENDARY','Order',4.5,610,216,100,121,91,95,85,3,0,319,'Slow',0),
(836,719,'Diancie','Diancie',13,18,6,'MYTHICAL','Jewel',0.7,8.8,50,100,150,100,150,50,3,70,270,'Slow',0),
(837,719,'Mega Diancie','Diancie',13,18,6,'MYTHICAL','Jewel',1.1,27.8,50,160,110,160,110,110,3,70,315,'Slow',0),
(838,720,'Hoopa Hoopa Confined','Hoopa',11,14,6,'MYTHICAL','Mischief',0.5,9,80,110,60,150,130,70,3,100,270,'Slow',0),
(839,720,'Hoopa Hoopa Unbound','Hoopa',11,15,6,'MYTHICAL','Djinn',6.5,490,80,160,60,170,130,80,3,100,306,'Slow',0),
(840,721,'Volcanion','Volcanion',2,3,6,'MYTHICAL','Steam',1.7,195,80,110,120,130,90,70,3,100,270,'Slow',0),
(841,722,'Rowlet','Bauz',4,10,7,'NORMAL','Grass Quill',0.3,1.5,68,55,55,50,50,42,45,70,64,'Medium Slow',87.5),
(842,723,'Dartrix','Arboretoss',4,10,7,'NORMAL','Blade Quill',0.7,16,78,75,75,70,70,52,45,70,147,'Medium Slow',87.5),
(843,724,'Decidueye','Silvarro',4,14,7,'NORMAL','Arrow Quill',1.6,36.6,78,107,75,100,100,70,45,70,239,'Medium Slow',87.5),
(844,725,'Litten','Flamiau',2,NULL,7,'NORMAL','Fire Cat',0.4,4.3,45,65,40,60,40,70,45,70,64,'Medium Slow',87.5),
(845,726,'Torracat','Miezunder',2,NULL,7,'NORMAL','Fire Cat',0.7,25,65,85,50,80,50,90,45,70,147,'Medium Slow',87.5),
(846,727,'Incineroar','Fuegro',2,15,7,'NORMAL','Heel',1.8,83,95,115,90,80,90,60,45,70,239,'Medium Slow',87.5),
(847,728,'Popplio','Robball',3,NULL,7,'NORMAL','Sea Lion',0.4,7.5,50,54,54,66,56,40,45,70,64,'Medium Slow',87.5),
(848,729,'Brionne','Marikeck',3,NULL,7,'NORMAL','Pop Star',0.6,17.5,60,69,69,91,81,50,45,70,147,'Medium Slow',87.5),
(849,730,'Primarina','Primarene',3,18,7,'NORMAL','Soloist',1.8,44,80,74,74,126,116,60,45,70,239,'Medium Slow',87.5),
(850,731,'Pikipek','Peppeck',1,10,7,'NORMAL','Woodpecker',0.3,1.2,35,75,30,30,30,65,255,70,53,'Medium Fast',50),
(851,732,'Trumbeak','Trompeck',1,10,7,'NORMAL','Bugle Beak',0.6,14.8,55,85,50,40,50,75,120,70,124,'Medium Fast',50),
(852,733,'Toucannon','Tukanon',1,10,7,'NORMAL','Cannon',1.1,26,80,120,75,75,75,60,45,70,218,'Medium Fast',50),
(853,734,'Yungoos','Mangunior',1,NULL,7,'NORMAL','Loitering',0.4,6,48,70,30,30,30,45,255,70,51,'Medium Fast',50),
(854,735,'Gumshoos','Manguspektor',1,NULL,7,'NORMAL','Stakeout',0.7,14.2,88,110,60,55,60,45,127,70,146,'Medium Fast',50),
(855,736,'Grubbin','Mabula',12,NULL,7,'NORMAL','Larva',0.4,4.4,47,62,45,55,45,46,255,70,60,'Medium Fast',50),
(856,737,'Charjabug','Akkup',12,5,7,'NORMAL','Battery',0.5,10.5,57,82,95,55,75,36,120,70,140,'Medium Fast',50),
(857,738,'Vikavolt','Donarion',12,5,7,'NORMAL','Stag Beetle',1.5,45,77,70,90,145,75,43,45,70,225,'Medium Fast',50),
(858,739,'Crabrawler','Krabbox',7,NULL,7,'NORMAL','Boxing',0.6,7,47,82,57,42,47,63,225,70,68,'Medium Fast',50),
(859,740,'Crabominable','Krawell',7,6,7,'NORMAL','Woolly Crab',1.7,180,97,132,77,62,67,43,60,70,167,'Medium Fast',50),
(860,741,'Oricorio Baile Style','Choreogel',2,10,7,'NORMAL','Dancing',0.6,3.4,75,70,70,98,70,93,45,70,167,'Medium Fast',25),
(861,741,'Oricorio Pom-Pom Style','Choreogel',5,10,7,'NORMAL','Dancing',0.6,3.4,75,70,70,98,70,93,45,70,167,'Medium Fast',25),
(862,741,'Oricorio Pa''u Style','Choreogel',11,10,7,'NORMAL','Dancing',0.6,3.4,75,70,70,98,70,93,45,70,167,'Medium Fast',25),
(863,741,'Oricorio Sensu Style','Choreogel',14,10,7,'NORMAL','Dancing',0.6,3.4,75,70,70,98,70,93,45,70,167,'Medium Fast',25),
(864,742,'Cutiefly','Wommel',12,18,7,'NORMAL','Bee Fly',0.1,0.2,40,45,40,55,40,84,190,70,61,'Medium Fast',50),
(865,743,'Ribombee','Bandelby',12,18,7,'NORMAL','Bee Fly',0.2,0.5,60,55,60,95,70,124,75,70,162,'Medium Fast',50),
(866,744,'Rockruff','Wuffels',13,NULL,7,'NORMAL','Puppy',0.5,9.2,45,65,40,30,40,60,190,70,56,'Medium Fast',50),
(867,744,'Own Tempo Rockruff','Wuffels',13,NULL,7,'NORMAL','Puppy',0.5,9.2,45,65,40,30,40,60,190,70,56,'Medium Fast',50),
(868,745,'Lycanroc Midday Form','Wolwerock',13,NULL,7,'NORMAL','Wolf',0.8,25,75,115,65,55,65,112,90,70,170,'Medium Fast',50),
(869,745,'Lycanroc Midnight Form','Wolwerock',13,NULL,7,'NORMAL','Wolf',1.1,25,85,115,75,55,75,82,90,70,170,'Medium Fast',50),
(870,745,'Lycanroc Dusk Form','Wolwerock',13,NULL,7,'NORMAL','Wolf',0.8,25,75,117,65,55,65,110,90,70,170,'Medium Fast',50),
(871,746,'Wishiwashi Solo Form','Lusardin',3,NULL,7,'NORMAL','Small Fry',0.2,0.3,45,20,20,25,25,40,60,70,61,'Fast',50),
(872,746,'Wishiwashi School Form','Lusardin',3,NULL,7,'NORMAL','Small Fry',8.2,78.6,45,140,130,140,135,30,60,70,217,'Fast',50),
(873,747,'Mareanie','Garstella',8,3,7,'NORMAL','Brutal Star',0.4,8,50,53,62,43,52,45,190,70,61,'Medium Fast',50),
(874,748,'Toxapex','Aggrostella',8,3,7,'NORMAL','Brutal Star',0.7,14.5,50,63,152,53,142,35,75,70,173,'Medium Fast',50),
(875,749,'Mudbray','Pampuli',9,NULL,7,'NORMAL','Donkey',1,110,70,100,70,45,55,45,190,70,77,'Medium Fast',50),
(876,750,'Mudsdale','Pampross',9,NULL,7,'NORMAL','Draft Horse',2.5,920,100,125,100,55,85,35,60,70,175,'Medium Fast',50),
(877,751,'Dewpider','Araqua',3,12,7,'NORMAL','Water Bubble',0.3,4,38,40,52,40,72,27,200,70,54,'Medium Fast',50),
(878,752,'Araquanid','Aranestro',3,12,7,'NORMAL','Water Bubble',1.8,82,68,70,92,50,132,42,100,70,159,'Medium Fast',50),
(879,753,'Fomantis','Imantis',4,NULL,7,'NORMAL','Sickle Grass',0.3,1.5,40,55,35,50,35,35,190,70,50,'Medium Fast',50),
(880,754,'Lurantis','Mantidea',4,NULL,7,'NORMAL','Bloom Sickle',0.9,18.5,70,105,90,80,90,45,75,70,168,'Medium Fast',50),
(881,755,'Morelull','Bubungus',4,18,7,'NORMAL','Illuminating',0.2,1.5,40,35,55,65,75,15,190,70,57,'Medium Fast',50),
(882,756,'Shiinotic','Lamellux',4,18,7,'NORMAL','Illuminating',1,11.5,60,45,80,90,100,30,75,70,142,'Medium Fast',50),
(883,757,'Salandit','Molunk',8,2,7,'NORMAL','Toxic Lizard',0.6,4.8,48,44,40,71,40,77,120,70,64,'Medium Fast',87.5),
(884,758,'Salazzle','Amfira',8,2,7,'NORMAL','Toxic Lizard',1.2,22.2,68,64,60,111,60,117,45,70,168,'Medium Fast',0),
(885,759,'Stufful','Velursi',1,7,7,'NORMAL','Flailing',0.5,6.8,70,75,50,45,50,50,140,70,68,'Medium Fast',50),
(886,760,'Bewear','Kosturso',1,7,7,'NORMAL','Strong Arm',2.1,135,120,125,80,55,60,60,70,70,175,'Medium Fast',50),
(887,761,'Bounsweet','Frubberl',4,NULL,7,'NORMAL','Fruit',0.3,3.2,42,30,38,30,38,32,235,70,42,'Medium Slow',0),
(888,762,'Steenee','Frubaila',4,NULL,7,'NORMAL','Fruit',0.7,8.2,52,40,48,40,48,62,120,70,102,'Medium Slow',0),
(889,763,'Tsareena','Fruyal',4,NULL,7,'NORMAL','Fruit',1.2,21.4,72,120,98,50,98,72,45,70,230,'Medium Slow',0),
(890,764,'Comfey','Curelei',18,NULL,7,'NORMAL','Posy Picker',0.1,0.3,51,52,90,82,110,100,60,70,170,'Fast',25),
(891,765,'Oranguru','Kommandutan',1,11,7,'NORMAL','Sage',1.5,76,90,60,80,90,110,60,45,70,172,'Slow',50),
(892,766,'Passimian','Quartermak',7,NULL,7,'NORMAL','Teamwork',2,82.8,100,120,90,40,60,80,45,70,172,'Slow',50),
(893,767,'Wimpod','Reißlaus',12,3,7,'NORMAL','Turn Tail',0.5,12,25,35,40,20,30,80,90,70,46,'Medium Fast',50),
(894,768,'Golisopod','Tectass',12,3,7,'NORMAL','Hard Scale',2,108,75,125,140,60,90,40,45,70,186,'Medium Fast',50),
(895,769,'Sandygast','Sankabuh',14,9,7,'NORMAL','Sand Heap',0.5,70,55,55,80,70,45,15,140,70,64,'Medium Fast',50),
(896,770,'Palossand','Colossand',14,9,7,'NORMAL','Sand Castle',1.3,250,85,75,110,100,75,35,60,70,168,'Medium Fast',50),
(897,771,'Pyukumuku','Gufa',3,NULL,7,'NORMAL','Sea Cucumber',0.3,1.2,55,60,130,30,130,5,60,70,144,'Fast',50),
(898,772,'Type: Null','Typ:Null',1,NULL,7,'SUB_LEGENDARY','Synthetic',1.9,120.5,95,95,95,95,95,59,3,0,107,'Slow',0),
(899,773,'Silvally','Amigento',1,NULL,7,'SUB_LEGENDARY','Synthetic',2.3,100.5,95,95,95,95,95,95,3,0,257,'Slow',0),
(900,774,'Minior Meteor Form','Meteno',13,10,7,'NORMAL','Meteor',0.3,40,60,60,100,60,100,60,30,70,154,'Medium Slow',0),
(901,774,'Minior Core Form','Meteno',13,10,7,'NORMAL','Meteor',0.3,0.3,60,100,60,100,60,120,30,70,175,'Medium Slow',0),
(902,775,'Komala','Koalelu',1,NULL,7,'NORMAL','Drowsing',0.4,19.9,65,115,65,75,95,65,45,70,168,'Slow',50),
(903,776,'Turtonator','Tortunator',2,16,7,'NORMAL','Blast Turtle',2,212,60,78,135,91,85,36,70,70,170,'Medium Fast',50),
(904,777,'Togedemaru','Togedemaru',5,17,7,'NORMAL','Roly-Poly',0.3,3.3,65,98,63,40,73,96,180,70,152,'Medium Fast',50),
(905,778,'Mimikyu','Mimigma',14,18,7,'NORMAL','Disguise',0.2,0.7,55,90,80,50,105,96,45,70,167,'Medium Fast',50),
(906,779,'Bruxish','Knirfish',3,11,7,'NORMAL','Gnash Teeth',0.9,19,68,105,70,70,70,92,80,70,166,'Medium Fast',50),
(907,780,'Drampa','Sen-Long',1,16,7,'NORMAL','Placid',3,185,78,60,85,135,91,36,70,70,170,'Medium Fast',50),
(908,781,'Dhelmise','Moruda',14,4,7,'NORMAL','Sea Creeper',3.9,210,70,131,100,86,90,40,25,70,181,'Medium Fast',0),
(909,782,'Jangmo-o','Miniras',16,NULL,7,'NORMAL','Scaly',0.6,29.7,45,55,65,45,45,45,45,70,60,'Slow',50),
(910,783,'Hakamo-o','Mediras',16,7,7,'NORMAL','Scaly',1.2,47,55,75,90,65,70,65,45,70,147,'Slow',50),
(911,784,'Kommo-o','Grandiras',16,7,7,'NORMAL','Scaly',1.6,78.2,75,110,125,100,105,85,45,70,270,'Slow',50),
(912,785,'Tapu Koko','Kapu-Riki',5,18,7,'SUB_LEGENDARY','Land Spirit',1.8,20.5,70,115,85,95,75,130,3,70,257,'Slow',0),
(913,786,'Tapu Lele','Kapu-Fala',11,18,7,'SUB_LEGENDARY','Land Spirit',1.2,18.6,70,85,75,130,115,95,3,70,257,'Slow',0),
(914,787,'Tapu Bulu','Kapu-Toro',4,18,7,'SUB_LEGENDARY','Land Spirit',1.9,45.5,70,130,115,85,95,75,3,70,257,'Slow',0),
(915,788,'Tapu Fini','Kapu-Kime',3,18,7,'SUB_LEGENDARY','Land Spirit',1.3,21.2,70,75,115,95,130,85,3,70,257,'Slow',0),
(916,789,'Cosmog','Cosmog',11,NULL,7,'LEGENDARY','Nebula',0.2,0.1,43,29,31,29,31,37,45,0,40,'Slow',0),
(917,790,'Cosmoem','Cosmovum',11,NULL,7,'LEGENDARY','Protostar',0.1,999.9,43,29,131,29,131,37,45,0,140,'Slow',0),
(918,791,'Solgaleo','Solgaleo',11,17,7,'LEGENDARY','Sunne',3.4,230,137,137,107,113,89,97,45,0,306,'Slow',0),
(919,792,'Lunala','Lunala',11,14,7,'LEGENDARY','Moone',4,120,137,113,89,137,107,97,45,0,306,'Slow',0),
(920,793,'Nihilego','Anego',13,8,7,'SUB_LEGENDARY','Parasite',1.2,55.5,109,53,47,127,131,103,45,0,257,'Slow',0),
(921,794,'Buzzwole','Masskito',12,7,7,'SUB_LEGENDARY','Swollen',2.4,333.6,107,139,139,53,53,79,45,0,257,'Slow',0),
(922,795,'Pheromosa','Schabelle',12,7,7,'SUB_LEGENDARY','Lissome',1.8,25,71,137,37,137,37,151,45,0,257,'Slow',0),
(923,796,'Xurkitree','Voltriant',5,NULL,7,'SUB_LEGENDARY','Glowing',3.8,100,83,89,71,173,71,83,45,0,257,'Slow',0),
(924,797,'Celesteela','Kaguron',17,10,7,'SUB_LEGENDARY','Launch',9.2,999.9,97,101,103,107,101,61,45,0,257,'Slow',0),
(925,798,'Kartana','Katagami',4,17,7,'SUB_LEGENDARY','Drawn Sword',0.3,0.1,59,181,131,59,31,109,45,0,257,'Slow',0),
(926,799,'Guzzlord','Schlingking',15,16,7,'SUB_LEGENDARY','Junkivore',5.5,888,223,101,53,97,53,43,45,0,257,'Slow',0),
(927,800,'Necrozma','Necrozma',11,NULL,7,'LEGENDARY','Prism',2.4,230,97,107,101,127,89,79,255,0,270,'Slow',0),
(928,800,'Dusk Mane Necrozma','Necrozma',11,17,7,'LEGENDARY','Prism',3.8,460,97,157,127,113,109,77,3,0,306,'Slow',0),
(929,800,'Dawn Wings Necrozma','Necrozma',11,14,7,'LEGENDARY','Prism',4.2,350,97,113,109,157,127,77,3,0,306,'Slow',0),
(930,800,'Ultra Necrozma','Necrozma',11,16,7,'LEGENDARY','Prism',7.5,230,97,167,97,167,97,129,3,0,339,'Slow',0),
(931,801,'Magearna','Magearna',17,18,7,'MYTHICAL','Artificial',1,80.5,80,95,115,130,115,65,3,0,270,'Slow',0),
(932,802,'Marshadow','Marshadow',7,14,7,'MYTHICAL','Gloomdweller',0.7,22.2,90,125,80,90,90,125,3,0,270,'Slow',0),
(933,803,'Poipole','Venicro',8,NULL,7,'SUB_LEGENDARY','Poison Pin',0.6,1.8,67,73,67,73,67,73,45,0,189,'Slow',0),
(934,804,'Naganadel','Agoyon',8,16,7,'SUB_LEGENDARY','Poison Pin',3.6,150,73,73,73,127,73,121,45,0,243,'Slow',0),
(935,805,'Stakataka','Muramura',13,17,7,'SUB_LEGENDARY','Rampart',5.5,820,61,131,211,53,101,13,30,0,257,'Slow',0),
(936,806,'Blacephalon','Kopplosio',2,14,7,'SUB_LEGENDARY','Fireworks',1.8,13,53,127,53,151,79,107,30,0,257,'Slow',0),
(937,807,'Zeraora','Zeraora',5,NULL,7,'MYTHICAL','Thunderclap',1.5,44.5,88,112,75,102,80,143,3,0,270,'Slow',0),
(938,808,'Meltan','',17,NULL,7,'MYTHICAL','Hex Nut',0.2,8,46,65,65,55,35,34,0,0,0,'Slow',0),
(939,809,'Melmetal','',17,NULL,7,'MYTHICAL','Hex Nut',2.5,800,135,143,143,80,65,34,0,0,0,'Slow',0),
(940,810,'Grookey','',4,NULL,8,'NORMAL','Chimp',0.3,5,50,65,50,40,40,65,0,0,0,'Medium Slow',0),
(941,811,'Thwackey','',4,NULL,8,'NORMAL','Beat',0.7,14,70,85,70,55,60,80,0,0,0,'Medium Slow',0),
(942,812,'Rillaboom','',4,NULL,8,'NORMAL','Drummer',2.1,90,100,125,90,60,70,85,0,0,0,'Medium Slow',0),
(943,813,'Scorbunny','',2,NULL,8,'NORMAL','Rabbit',0.3,4.5,50,71,40,40,40,69,0,0,0,'Medium Slow',0),
(944,814,'Raboot','',2,NULL,8,'NORMAL','Rabbit',0.6,9,65,86,60,55,60,94,0,0,0,'Medium Slow',0),
(945,815,'Cinderace','',2,NULL,8,'NORMAL','Striker',1.4,33,80,116,75,65,75,119,0,0,0,'Medium Slow',0),
(946,816,'Sobble','',3,NULL,8,'NORMAL','Water Lizard',0.3,4,50,40,40,70,40,70,0,0,0,'Medium Slow',0),
(947,817,'Drizzile','',3,NULL,8,'NORMAL','Water lizard',0.7,11.5,65,60,55,95,55,90,0,0,0,'Medium Slow',0),
(948,818,'Inteleon','',3,NULL,8,'NORMAL','Secret Agent',1.9,45.2,70,85,65,125,65,120,0,0,0,'Medium Slow',0),
(949,819,'Skwovet','',1,NULL,8,'NORMAL','Cheeky',0.3,2.5,70,55,55,35,35,25,0,0,0,'Medium Fast',0),
(950,820,'Greedent','',1,NULL,8,'NORMAL','Greedy',0.6,6,120,95,95,55,75,20,0,0,0,'Medium Fast',0),
(951,821,'Rookidee','',10,NULL,8,'NORMAL','Tiny Bird',0.2,1.8,38,47,35,33,35,57,0,0,0,'Medium Slow',0),
(952,822,'Corvisquire','',10,NULL,8,'NORMAL','Raven',0.8,16,68,67,55,43,55,77,0,0,0,'Medium Slow',0),
(953,823,'Corviknight','',10,17,8,'NORMAL','Raven',2.2,75,98,87,105,53,85,67,0,0,0,'Medium Slow',0),
(954,824,'Blipbug','',12,NULL,8,'NORMAL','Larva',0.4,8,25,20,20,25,45,45,0,0,0,'Medium Fast',0),
(955,825,'Dottler','',12,11,8,'NORMAL','Radome',0.4,19.5,50,35,80,50,90,30,0,0,0,'Medium Fast',0),
(956,826,'Orbeetle','',12,11,8,'NORMAL','Seven Spot',0.4,40.8,60,45,110,80,120,90,0,0,0,'Medium Fast',0),
(957,827,'Nickit','',15,NULL,8,'NORMAL','Fox',0.6,8.9,40,28,28,47,52,50,0,0,0,'Fast',0),
(958,828,'Thievul','',15,NULL,8,'NORMAL','Fox',1.2,19.9,70,58,58,87,92,90,0,0,0,'Fast',0),
(959,829,'Gossifleur','',4,NULL,8,'NORMAL','Flowering',0.4,2.2,40,40,60,40,60,10,0,0,0,'Medium Fast',0),
(960,830,'Eldegoss','',4,NULL,8,'NORMAL','Cotton Bloom',0.5,2.5,60,50,90,80,120,60,0,0,0,'Medium Fast',0),
(961,831,'Wooloo','',1,NULL,8,'NORMAL','Sheep',0.6,6,42,40,55,40,45,48,0,0,0,'Medium Fast',0),
(962,832,'Dubwool','',1,NULL,8,'NORMAL','Sheep',1.3,43,72,80,100,60,90,88,0,0,0,'Medium Fast',0),
(963,833,'Chewtle','',3,NULL,8,'NORMAL','Snapping',0.3,8.5,50,64,50,38,38,44,0,0,0,'Medium Fast',0),
(964,834,'Drednaw','',3,13,8,'NORMAL','Bite',1,115.5,90,115,90,48,68,74,0,0,0,'Medium Fast',0),
(965,835,'Yamper','',5,NULL,8,'NORMAL','Puppy',0.3,13.5,59,45,50,40,50,26,0,0,0,'Fast',0),
(966,836,'Boltund','',5,NULL,8,'NORMAL','Dog',1,34,69,90,60,90,60,121,0,0,0,'Fast',0),
(967,837,'Rolycoly','',13,NULL,8,'NORMAL','Coal',0.3,12,30,40,50,40,50,30,0,0,0,'Medium Slow',0),
(968,838,'Carkol','',13,2,8,'NORMAL','Coal',1.1,78,80,60,90,60,70,50,0,0,0,'Medium Slow',0),
(969,839,'Coalossal','',13,2,8,'NORMAL','Coal',2.8,310.5,110,80,120,80,90,30,0,0,0,'Medium Slow',0),
(970,840,'Applin','',4,16,8,'NORMAL','Apple Core',0.2,0.5,40,40,80,40,40,20,0,0,0,'Erratic',0),
(971,841,'Flapple','',4,16,8,'NORMAL','Apple Wing',0.3,1,70,110,80,95,60,70,0,0,0,'Erratic',0),
(972,842,'Appletun','',4,16,8,'NORMAL','Apple Nectar',0.4,13,110,85,80,100,80,30,0,0,0,'Erratic',0),
(973,843,'Silicobra','',9,NULL,8,'NORMAL','Sand Snake',2.2,7.6,52,57,75,35,50,46,0,0,0,'Medium Fast',0),
(974,844,'Sandaconda','',9,NULL,8,'NORMAL','Sand Snake',3.8,65.5,72,107,125,65,70,71,0,0,0,'Medium Fast',0),
(975,845,'Cramorant','',10,3,8,'NORMAL','Gulp',0.8,18,70,85,55,85,95,85,0,0,0,'Medium Fast',0),
(976,846,'Arrokuda','',3,NULL,8,'NORMAL','Rush',0.5,1,41,63,40,40,30,66,0,0,0,'Slow',0),
(977,847,'Barraskewda','',3,NULL,8,'NORMAL','Skewer',1.3,30,61,123,60,60,50,136,0,0,0,'Slow',0),
(978,848,'Toxel','',5,8,8,'NORMAL','Baby',0.4,11,40,38,35,54,35,40,0,0,0,'Medium Slow',0),
(979,849,'Toxtricity Low Key Form','',5,8,8,'NORMAL','Punk',1.6,40,75,98,70,114,70,75,0,0,0,'Medium Slow',0),
(980,849,'Toxtricity Amped Form','',5,8,8,'NORMAL','Punk',1.6,40,75,98,70,114,70,75,0,0,0,'Medium Slow',0),
(981,850,'Sizzlipede','',2,12,8,'NORMAL','Radiator',0.7,1,50,65,45,50,50,45,0,0,0,'Medium Fast',0),
(982,851,'Centiskorch','',2,12,8,'NORMAL','Radiator',3,120,100,115,65,90,90,65,0,0,0,'Medium Fast',0),
(983,852,'Clobbopus','',7,NULL,8,'NORMAL','Tantrum',0.6,4,50,68,60,50,50,32,0,0,0,'Medium Slow',0),
(984,853,'Grapploct','',7,NULL,8,'NORMAL','Tantrum',1.6,39,80,118,90,70,80,42,0,0,0,'Medium Slow',0),
(985,854,'Sinistea','',14,NULL,8,'NORMAL','Black Tea',0.1,0.2,40,45,45,74,54,50,0,0,0,'Medium Fast',0),
(986,855,'Polteageist','',14,NULL,8,'NORMAL','Black Tea',0.2,0.4,60,65,65,134,114,70,0,0,0,'Medium Fast',0),
(987,856,'Hatenna','',11,NULL,8,'NORMAL','Calm',0.4,3.4,42,30,45,56,53,39,0,0,0,'Slow',0),
(988,857,'Hattrem','',11,NULL,8,'NORMAL','Serene',0.6,4.8,57,40,65,86,73,49,0,0,0,'Slow',0),
(989,858,'Hatterene','',11,18,8,'NORMAL','Silent',2.1,5,57,90,95,136,103,29,0,0,0,'Slow',0),
(990,859,'Impidimp','',15,18,8,'NORMAL','Wily',0.4,5.5,45,45,30,55,40,50,0,0,0,'Medium Fast',0),
(991,860,'Morgrem','',15,18,8,'NORMAL','Devious',0.8,12.5,65,60,45,75,55,70,0,0,0,'Medium Fast',0),
(992,861,'Grimmsnarl','',15,18,8,'NORMAL','Bulk Up',1.5,61,95,120,65,95,75,60,0,0,0,'Medium Fast',0),
(993,862,'Obstagoon','',15,1,8,'NORMAL','Blocking',1.6,46,93,90,101,60,81,95,0,0,0,'Medium Fast',0),
(994,863,'Perrserker','',17,NULL,8,'NORMAL','Viking',0.8,28,70,110,100,50,60,50,0,0,0,'Medium Fast',0),
(995,864,'Cursola','',14,NULL,8,'NORMAL','Coral',1,0.4,60,95,50,145,130,30,0,0,0,'Fast',0),
(996,865,'Sirfetch''d','',7,NULL,8,'NORMAL','Wild Duck',0.8,117,62,135,95,68,82,65,0,0,0,'Medium Fast',0),
(997,866,'Mr. Rime','',11,6,8,'NORMAL','Comedian',1.5,58.2,80,85,75,110,100,70,0,0,0,'Medium Fast',0),
(998,867,'Runerigus','',9,14,8,'NORMAL','Grudge',1.6,66.6,58,95,145,50,105,30,0,0,0,'Medium Fast',0),
(999,868,'Milcery','',18,NULL,8,'NORMAL','Cream',0.2,0.3,45,40,40,50,61,34,0,0,0,'Medium Fast',0),
(1000,869,'Alcremie','',18,NULL,8,'NORMAL','Cream',0.3,0.5,65,60,75,110,121,64,0,0,0,'Medium Fast',0),
(1001,870,'Falinks','',7,NULL,8,'NORMAL','Formation',3,62,65,100,100,70,60,75,0,0,0,'Medium Fast',0),
(1002,871,'Pincurchin','',5,NULL,8,'NORMAL','Sea Urchin',0.3,1,48,101,95,91,85,15,0,0,0,'Medium Fast',0),
(1003,872,'Snom','',6,12,8,'NORMAL','Worm',0.3,3.8,30,25,35,45,30,20,0,0,0,'Medium Fast',0),
(1004,873,'Frosmoth','',6,12,8,'NORMAL','Frost Moth',1.3,42,70,65,60,125,90,65,0,0,0,'Medium Fast',0),
(1005,874,'Stonjourner','',13,NULL,8,'NORMAL','Big Rock',2.5,520,100,125,135,20,20,70,0,0,0,'Slow',0),
(1006,875,'Eiscue Ice Face','',6,NULL,8,'NORMAL','Penguin',1.4,89,75,80,110,65,90,50,0,0,0,'Slow',0),
(1007,875,'Eiscue Noice Face','',6,NULL,8,'NORMAL','Penguin',1.4,89,75,80,70,65,50,130,0,0,0,'Slow',0),
(1008,876,'Indeedee Male','',11,1,8,'NORMAL','Emotion',0.9,28,60,65,55,105,95,95,0,0,0,'Fast',0),
(1009,876,'Indeedee Female','',11,1,8,'NORMAL','Emotion',0.9,28,70,55,65,95,105,85,0,0,0,'Fast',0),
(1010,877,'Morpeko Full Belly Mode','',5,15,8,'NORMAL','Two-Sided',0.3,3,58,95,58,70,58,97,0,0,0,'Medium Fast',0),
(1011,877,'Morpeko Hangry Mode','',5,15,8,'NORMAL','Two-Sided',0.3,3,58,95,58,70,58,97,0,0,0,'Medium Fast',0),
(1012,878,'Cufant','',17,NULL,8,'NORMAL','Copperderm',1.2,100,72,80,49,40,49,40,0,0,0,'Medium Fast',0),
(1013,879,'Copperajah','',17,NULL,8,'NORMAL','Copperderm',3,650,122,130,69,80,69,30,0,0,0,'Medium Fast',0),
(1014,880,'Dracozolt','',5,16,8,'NORMAL','Fossil',1.8,190,90,100,90,80,70,75,0,0,0,'Slow',0),
(1015,881,'Arctozolt','',5,6,8,'NORMAL','Fossil',2.3,150,90,100,90,90,80,55,0,0,0,'Slow',0),
(1016,882,'Dracovish','',3,16,8,'NORMAL','Fossil',2.3,215,90,90,100,70,80,75,0,0,0,'Slow',0),
(1017,883,'Arctovish','',3,6,8,'NORMAL','Fossil',2,175,90,90,100,80,90,55,0,0,0,'Slow',0),
(1018,884,'Duraludon','',17,16,8,'NORMAL','Alloy',1.8,40,70,95,115,120,50,85,0,0,0,'Medium Fast',0),
(1019,885,'Dreepy','',16,14,8,'NORMAL','Lingering',0.5,2,28,60,30,40,30,82,0,0,0,'Slow',0),
(1020,886,'Drakloak','',16,14,8,'NORMAL','Caretaker',1.4,11,68,80,50,60,50,102,0,0,0,'Slow',0),
(1021,887,'Dragapult','',16,14,8,'NORMAL','Stealth',3,50,88,120,75,100,75,142,0,0,0,'Slow',0),
(1022,888,'Zacian Crowned Sword','',18,17,8,'LEGENDARY','Warrior',2.8,355,92,170,115,80,115,148,0,0,0,'Slow',0),
(1023,888,'Zacian Hero of Many Battles','',18,NULL,8,'LEGENDARY','Warrior',2.8,110,92,130,115,80,115,138,0,0,0,'Slow',0),
(1024,889,'Zamazenta Crowned Shield','',7,17,8,'LEGENDARY','Warrior',2.9,785,92,130,145,80,145,128,0,0,0,'Slow',0),
(1025,889,'Zamazenta Hero of Many Battles','',7,NULL,8,'LEGENDARY','Warrior',2.9,210,92,130,115,80,115,138,0,0,0,'Slow',0),
(1026,890,'Eternatus','',8,16,8,'LEGENDARY','Gigantic',20,950,140,85,95,145,95,130,0,0,0,'Slow',0),
(1027,890,'Eternatus Eternamax','',8,16,8,'LEGENDARY','Gigantic',100,NULL,255,115,250,125,250,130,0,0,0,'Slow',0);
